Serial No.,Course Slot,Course Code,Course Description,Course Credit,L-T-P,Course Coordinator,Max.Limit,Stu.Registered
1,A,AML831,THEORY OF PLATES AND SHELLS,3,3-0-0,BADRI PRASAD PATEL,23,16
2,A,AML832,APPLICATIONS OF THEORY OF PLATES AND SHELLS,2,2-0-0,BADRI PRASAD PATEL,25,23
3,A,ASL736,SCIENCE OF CLIMATE CHANGE,3,3-0-0,O.P. SHARMA,100,35
4,A,CEL721,DESIGN OF CONCRETE STRUCTURE,3,02-01-00,GURMAIL S. BENIPAL,60,15
5,A,CLL121,CHEMICAL ENGG. THERMODYNAMICS,4,03-01-00,GAURAV GOEL,125,119
6,A,CLL731,ADVANCED TRANSPORT PHENOMENA,3,3-0-0,VIVEK VITTHAL BUWA,50,39
7,A,CML522,CHEMICAL DYNA. & SURFACE CHEM.,3,3-0-0,NARAYANAN D.KURUR,60,49
8,A,CML724,SYNTHESIS OF INDUSTRIALLY IMPO,3,3-0-0,RAVI SHANKAR,60,56
9,A,CRD802,MINOR PROJECT,3,0-0-6,ANANJAN BASU,40,31
10,A,CRL712,RF AND MICROWAVE ACTIVE CIRCUITS,3,3-0-0,S.K.KOUL,25,15
11,A,CRL732,SELECTED TOPICS IN RFDT-II,3,3-0-0,SUDHIR CHANDRA,70,10
12,A,CVL715,EXCAVATION METHODS & UNDERGROUND SPACE TECHNOLOGY,3,3-0-0,K.S. RAO,60,28
13,A,CVL728,ENVIRONMENTAL QUALITY MODELING,3,3-0-0,MUKESH KHARE,20,19
14,A,CVL746,PUBLIC TRANSPORTATION SYSTEMS,3,3-0-0,GEETAM TEWARI,30,19
15,A,CVL760,THEORY OF CONCRETE STRUCTURES,3,3-0-0,GURMAIL S. BENIPAL,60,18
16,A,CVL774,CONSTRUCTION CONTRACT MGMT.,3,3-0-0,K. CHANDRASHEKHAR IYER,150,48
17,A,CVL833,WATER RESOURCES SYSTEMS,3,3-0-0,RAKESH KHOSA,30,5
18,A,DIS812,PLACEMENT/DEGREE SHOW,2,0-0-4,JYOTI KUMAR,25,19
19,A,EEL602,OPERATING SYSTEMS,4,3-0-2,SUMANTRA DUTTA ROY,60,2
20,A,ELL312,SEMICONDUCTOR PROCESS TECH.,3,3-0-0,ANUJ DHAWAN,50,5
21,A,ELL365,EMBEDDED SYSTEMS,3,3-0-0,SUBRAT KAR,120,54
22,A,ELL717,OPTICAL COMMUNICATION SYSTEMS,3,3-0-0,DEVI CHADHA,60,27
23,A,ELL719,DETECTION & ESTIMATION THEORY,3,3-0-0,S.D. JOSHI,60,30
24,A,ELL783,OPERATING SYSTEMS,4,3-0-2,SUMANTRA DUTTA ROY,120,41
25,A,ELL855,HIGH POWER CONVERTERS,3,3-0-0,ANANDARUP DAS,60,21
26,A,ELL870,RESTRUCTURED POWER SYSTEM,3,3-0-0,ABHIJIT RAMCHANDRA ABHYANKAR,60,23
27,A,ESL730,DIRECT ENERGY CONVERSION,3,3-0-0,MRS. R. UMA,60,20
28,A,HUL211,INTRODUCTION TO ECONOMICS,4,03-01-00,ANKUSH AGRAWAL,78,504
29,A,HUL212,MICROECONOMICS,4,03-01-00,DEBASIS MONDAL,78,498
30,A,HUL231,AN INTRODUCTION TO LITERATURE,4,03-01-00,MILIND WAKANKAR,78,242
31,A,HUL237,CONTEMPORARY FICTION,4,03-01-00,DIVYA DWIVEDI,78,219
32,A,HUL242,FUNDAMENTALS OF LANGUAGE SCIENCES,4,4-0-0,SAMAR HUSAIN,78,265
33,A,HUL253,MORAL LITERACY AND MORAL CHOICES,4,03-01-00,SANIL V.,78,351
34,A,HUL256,CRITICAL THINKING,3,02-01-00,BIJOY H.BORUAH,78,99
35,A,HUL261,Introduction to Psychology,4,03-01-00,VARSHA SINGH,78,387
36,A,HUL267,POSITIVE PSYCHOLOGY,4,03-01-00,KAMLESH SINGH,78,397
37,A,HUL272,INTRODUCTION TO THE SOCIOLOGY OF INDIA,4,03-01-00,VIBHA ARORA,78,420
38,A,HUL275,ENVIRONMENT; DEVELOPMENT AND SOCIETY,4,03-01-00,NAVEEN THAYYIL KAMALUDDIN,78,397
39,A,HUL315,ECONOMETRIC METHODS,3,3-0-0,SOURABH BIKAS PAUL,34,167
40,A,HUL316,INDIAN ECONOMIC PROBLEMS AND POLICIES,3,3-0-0,JAYAN JOSE THOMAS,34,268
41,A,HUL320,SELECTED TOPICS IN ECONOMICS,3,3-0-0,V. UPADHYAY,34,314
42,A,HUL350,SELECTED TOPICS IN LINGUISTICS,3,3-0-0,PRITHA CHANDRA,34,113
43,A,HUL360,SELECTED TOPICS IN PHILOSOPHY,3,3-0-0,C.A.TOMY,34,44
44,A,HUL377,"GENDER, TECHNOLOGY AND SOCIETY",3,3-0-0,RAVINDER KAUR,34,205
45,A,ITL717,CORROSION AND ITS CONTROL,3,3-0-0,JAYASHREE BIJWE,60,14
46,A,MCD862,Major Project Part-2,12,0-0-24,NOMESH BHOJKUMAR BOLIA,0,3
47,A,MCL733,Vibraitons and Noise Engineering,4,3-0-2,ASHISH KAMALAKAR DARPE,90,28
48,A,MCL822,Steam and Gas Turbines,4,3-0-2,P.M.V.SUBBARAO,0,99
49,A,MEL334,LOW COST AUTOMATION,4,3-0-2,SUNIL JHA,60,18
50,A,MSL303,MARKETING MANAGEMENT,3,3-0-0,MAHIM SAGAR,80,114
51,A,MSL805,SERVICES OPERATIONS MANAGEMENT,3,3-0-0,SURYA PRAKASH SINGH,65,0
52,A,MTL509,NUMERICAL ANALYSIS,4,03-01-00,S.CHANDRA SEKHARA RAO,70,55
53,A,PYL112,QUANTUM MECHANICS,4,03-01-00,JOYEE GHOSH,88,74
54,A,SML879,CURRENT AND EMERGING ISSUES IN FINANCE,3,3-0-0,SMITA KASHIRAMKA,65,11
55,A,TXL725,MECHANICS OF SPINNING MACHINES,3,3-0-0,R.S. RENGASAMY,75,20
,55,,,,,,3378,6113
,,,,,,,,
56,A1,MSL894,SOCIAL MEDIA AND BUSINESS PRACTICES,2,2-0-0,P. VIGNESWARA ILAVARASAN,65,50
,1,,,,,,65,50
,,,,,,,,
57,A2,MSL886,IT CONSULTING AND PRACTICE,2,2-0-0,ARPAN KUMAR KAR,65,48
,1,,,,,,65,48
58,AM,APL100,ENGINEERING MECHANICS,4,03-01-00,S.V. VEERAVALLI,300,5
59,AM,ELL100,INTRO. TO ELECTRICAL ENGG.,4,3-0-2,MUKUL SARKAR,300,5
60,AM,PHL100,ELECTROMAGNETIC WAVES & QUANTUM MECHANICS,3,3-0-0,P.SENTHILKUMARAN,300,11
,3,,,,,,900,21
61,AP,APL100,ENGINEERING MECHANICS,4,03-01-00,S.V. VEERAVALLI,300,15
62,AP,ELL100,INTRO. TO ELECTRICAL ENGG.,4,3-0-2,KUSHAL KUMAR SHAH,300,4
63,AP,PHL100,ELECTROMAGNETIC WAVES & QUANTUM MECHANICS,3,3-0-0,P.SENTHILKUMARAN,300,12
,3,,,,,,900,31
64,B,AML710,COMPUTER AIDED DESIGN,4,3-0-2,SRIRAM HEGDE,90,35
65,B,AML795,SUBMARINE DESIGN,3,3-0-0,CDR (DR.) R. VIJAYAKUMAR,20,24
66,B,APL871,Product Reliability & Maintenance,3,3-0-0,VIKRANT TIWARI,90,35
67,B,ASL750,BOUNDARY LAYER METEOROLOGY,3,3-0-0,SOMNATH BAIDYA ROY,25,3
68,B,BEL702,BIOPROCESS PLANT DESIGN,5,3-0-4,T.R.SREEKRISHNAN,80,42
69,B,BML800,RESEARCH TECHNIQUES IN BIOMEDICAL ENGINEERING,3,3-0-0,SNEH ANAND,50,10
70,B,CEL451,WATER POWER ENGINEERING,4,3-0-2,SUMEDHA CHAKMA,69,52
71,B,CEL724,EARTHQUAKE ANALYSIS AND DESIGN,3,3-0-0,VASANT A. MATSAGAR,60,17
72,B,CEL757,FIELD EXPLORATION AND MEASUREMENT,3,3-0-0,TANUSREE CHAKRABORTY,60,0
73,B,CHL735,DESIGN OF SEPARATION PROCESSES,4,3-0-2,SUDDHASTWA BASU,40,74
74,B,CLL251,HEAT TRANSFER FOR CHEMICAL ENG,4,03-01-00,JAYATI SARKAR,170,181
75,B,CLL352,MASS TRANSFER II,4,03-01-00,ANIL VERMA,125,111
76,B,CLL721,ELECTROCHEMICAL METHODS,3,3-0-0,ANUPAM SHUKLA,50,11
77,B,CLL735,DESIGN OF MULTICOMP. SEP. PRO.,3,3-0-0,SUDDHASTWA BASU,20,5
78,B,CLL767,STRUCTURES & PROP. OF POLYMERS,3,3-0-0,SUDIP KUMAR PATTANAYEK,50,11
79,B,CML525,BASIC ORGANOMETALIC CHEMISTRY,3,3-0-0,S.NAGENDRAN,60,50
80,B,CML801,MOLECULAR MODELLING AND SIMULA,3,3-0-0,HEMANT KUMAR KASHYAP,60,20
81,B,COL216,COMPUTER ARCHITECTURE,4,3-0-2,ANSHUL KUMAR,125,100
82,B,COL331,OPERATING SYSTEMS,5,3-0-4,KOLIN PAUL,120,112
83,B,COL633,RESOURCE MANAGEMENT IN COMPUTER SYSTEMS,4,3-0-2,KOLIN PAUL,30,23
84,B,COL718,ARCH. OF HIGH PERF. COMPUTERS,4,3-0-2,SMRUTI RANJAN SARANGI,40,42
85,B,CRL724,RF AND MICROWAVE MEASUREMENT SYSTEM TECHNIQUES,3,3-0-0,ANANJAN BASU,37,29
86,B,CVL212,ENVIRONMENTAL ENGINEERING,4,3-0-2,ARUN KUMAR,150,91
87,B,CVL261,INTRO. TO TRANSPORTATION ENGG.,3,3-0-0,RAMACHANDRA RAO KALAGA,124,110
88,B,CVL703,GEOENVIRONMENTAL ENGINEERING,3,3-0-0,MANOJ DATTA,60,16
89,B,CVL714,FIELD EXPLORATION AND GEOTECHNICAL PROCESSES,3,3-0-0,TANUSREE CHAKRABORTY,60,20
90,B,CVL724,ENVIRONMENTAL SYSTEMS ANALYSIS,3,3-0-0,ARVIND KUMAR NEMA,60,23
91,B,CVL762,EARTHQUAKE ANALYSIS AND DESIGN,3,3-0-0,VASANT A. MATSAGAR,60,9
92,B,CVL875,SUSTAINABLE MATERIALS AND GREE,3,3-0-0,B.BHATTACHARJEE,150,22
93,B,CYL685,APPLIED ORGANOMETALLIC CHEMISTRY,3,3-0-0,A.K. SINGH,60,34
94,B,DSL722,PRECISION MEASUREMENTS SYSTEMS,3,3-0-0,GUFRAN SAYEED KHAN,25,15
95,B,ELL201,DIGITAL ELECTRONICS,4.5,3-0-3,ANUJ DHAWAN,400,246
96,B,ELL332,ELECTRIC DRIVES,3,3-0-0,RAMKRISHAN MAHESHWARI,90,32
97,B,ELL402,COMPUTER COMMUNICATION,3,3-0-0,SWADES KUMAR DE,90,12
98,B,ELL704,ADVANCED ROBOTICS,3,3-0-0,S. JANARDHANAN,60,10
99,B,ELL718,STATISTICAL SIGNAL PROCESSING,3,3-0-0,SURINDRA PRASAD,60,14
100,B,ELL752,ELECTRIC DRIVE SYSTEM,3,3-0-0,AMIT KUMAR JAIN,60,23
101,B,ELL774,FLEXIBLE AC TRANSMISSION SYSTE,3,3-0-0,BHIM SINGH,60,8
102,B,ELL788,COMPUTATIONAL PERCEPTION & CO.,3,3-0-0,TAPAN KUMAR GANDHI,60,35
103,B,ESL330,"ENERGY, ECOLOGY AND ENVIRONMENT",4,03-01-00,K.A. SUBRAMANIAN,120,248
104,B,ESL350,ENERGY CONSERVATION MANAGEMENT,3,03-01-00,DIBAKAR RAKSHIT,120,53
105,B,ESL360,DIRECT ENERGY CONVERSION,4,03-01-00,RAMESH NARAYANAN,120,9
106,B,HUL235,RISE OF THE NOVEL,4,03-01-00,ARJUN GHOSH,78,34
107,B,HUL372,AGRARIAN INDIA: PAST AND PRESENT,3,3-0-0,RICHA KUMAR,34,20
108,B,HUL737,ADVANCED GROWTH THEORY,3,3-0-0,DEBASIS MONDAL,30,3
109,B,HUV886,SPECIAL MODULE IN COGNITIVE PSYCHOLOGY,2,1-0-2,VARSHA SINGH,18,11
110,B,ITL714,FAILURE ANALYSIS AND REPAIR,4,3-0-2,DEEPAK KUMAR,25,15
111,B,MCL136,MATERIAL REMOVAL PROCESSES,3,3-0-0,SUDARSAN GHOSH,0,43
112,B,MCL201,MECHANICAL ENGG. DRAWING,3.5,2-0-3,JAYANTA KUMAR DUTT,146,132
113,B,MCL344,REFRIGERATION & AIR-CONDITION.,4,3-0-2,SANJEEV JAIN,0,26
114,B,MCL738,Dynamics of Multibody Systems,3,2-0-2,SUBIR KUMAR SAHA,0,9
115,B,MCL743,Plant Equipment Design,3,3-0-0,R.K.PANDEY,0,28
116,B,MCL747,Design of Precision Machines,3,2-0-2,JITENDRA PRASAD KHATAIT,0,6
117,B,MCL782,COMPUTATIONAL METHODS,2,2-0-0,PULAK MOHAN PANDEY,0,27
118,B,MCL814,Convective Heat Transfer,3,3-0-0,B. PREMACHANDRAN,0,25
119,B,MCP100,ENGG. VISUALIZATION & COMM.,2,0-0-3,SUJEET KUMAR SINHA,453,19
120,B,MCP101,PRODUCT REALIZATION BY MANF.,2,0-0-4,DIGAVALLI RAVI KUMAR,441,5
121,B,MCP332,PRODUCTION ENGINEERING LAB- II,1,0-0-2,SUDARSAN GHOSH,0,42
122,B,MEL344,REFRIGERATION AND AIR-CONDITIONING,4,3-0-2,SANJEEV JAIN,90,17
123,B,MSL301,ORGANIZATION AND PEOPLE MANAGEMENT,3,3-0-0,SHUCHI SINHA,80,52
124,B,MTL390,STATISTICAL METHODS,4,03-01-00,S.DHARMARAJA,75,92
125,B,MTL510,MEASURE AND INTEGRATION,4,3-0-2,HARISH KUMAR,60,47
126,B,MTL882,Advanced applied analysis,3,3-0-0,KONIJETI SREENADH,30,5
127,B,PHL800,NUMERICAL & COMPUTATIONAL METHODS IN RESEARCH,3,3-0-0,ANURAG SHARMA,100,34
128,B,PTL702,POLYMER PROCESSING,3,3-0-0,A.K. GHOSH,50,20
129,B,PYL552,ELECTRODYNAMICS,4,03-01-00,SASWATA BHATTACHARYA,90,57
130,B,PYL760,BIOMEDICAL OPTICS & BIO-PHOTO.,3,3-0-0,DALIP SINGH MEHTA,90,17
131,B,RDL730,TECHNOLOGY ALTERNATIVES FOR RURAL DEVELOPMENT,3,3-0-0,VIJAYARAGHAVAN M. CHARIAR,92,142
132,B,SML873,SECURITY ANALYSIS & PROOF MANAGEMENT,3,2-0-2,SURENDRA SINGH YADAV,65,30
133,B,TXL231,FABRIC MANUFACTURE I,3,3-0-0,ABHIJIT MUJUMDAR,120,95
134,B,TXL743,PRINCIPLES OF COLOUR MEASUREMENT & COMMUNICATION,3,2-0-2,SAMRAT MUKHOPADHYAY,75,70
135,B,TXL766,DE. & MANUF. OF TEXT. STR. CO.,3,3-0-0,B.K.BEHERA,75,18
136,B,TXP231,FABRIC MANUFACTURE LAB. - I,1,0-0-2,ABHIJIT MUJUMDAR,120,91
,73,,,,,,5897,3249
137,B1,MSL729,Individual Behavior in Organizations,3,3-0-0,KANIKA TANDON BHAL,115,42
,1,,,,,,115,42
138,B2,MSL705,HRM SYSTEMS,3,3-0-0,KANIKA TANDON BHAL,65,52
,1,,,,,,65,52
139,BM,COL100,INTRO. TO COMPUTER SCIENCE,4,3-0-2,PREETI RANJAN PANDA,264,12
,1,,,,,,264,12
140,BP,COL100,INTRO. TO COMPUTER SCIENCE,4,3-0-2,PREM KUMAR KALRA,200,17
,1,,,,,,200,17
141,C,AML793,SHIP DYNAMICS,3,3-0-0,CDR (DR.) R. VIJAYAKUMAR,20,24
142,C,APL796,Advanced Solid Mechanics,3,3-0-0,AJEET KUMAR,90,45
143,C,BEL703,DOWNSTREAM PROCESSING IN BIOTECHNOLOGY,5,3-0-4,SUNIL NATH,80,24
144,C,CEL718,DESIGN OF STEEL STRUCTURES,3,02-01-00,DIPTI RANJAN SAHOO,60,18
145,C,CLL361,INSTRUMENTATION AND AUTOMATION,2.5,1-0-3,SHAIK ABDUL MUNAWAR,125,112
146,C,CML523,ORGANIC SYNTHESIS,3,3-0-0,N.G.RAMESH,60,51
147,C,CML729,MATERIAL CHARACTERIZATION,3,3-0-0,SAMEER SAPRA,60,18
148,C,COL380,INTRO. TO PARALLEL & DIS. PRO.,3,2-0-2,Retired Employee,120,97
149,C,CRL722,RF AND MICROWAVE SOLID STATE DEVICES,3,3-0-0,SAMARESH DAS,50,15
150,C,CVL100,ENVIRONMENTAL SCIENCE,2,2-0-0,ATUL KUMAR MITTAL,488,526
151,C,CVL244,CONSTRUCTION PRACTICES,2,2-0-0,KUMAR NEERAJ JHA,60,98
152,C,CVL745,MODELING OF PAVEMENT MATERIALS,3,2-0-2,ARAVIND KRISHNA SWAMY,30,20
153,C,CVL761,THEORY OF STEEL STRUCTURES,3,3-0-0,DIPTI RANJAN SAHOO,60,19
154,C,CVL832,HYDROELECTRIC ENGINEERING,3,3-0-0,RAKESH KHOSA,30,4
155,C,EEL707,MULTIMEDIA SYSTEMS,4,3-0-2,SANTANU CHAUDHURY,60,39
156,C,ELL409,MACHINE INTELLIGENCE& LEARNING,4,3-0-2,SUMANTRA DUTTA ROY,120,87
157,C,ELL730,I.C. TECHNOLOGY,3,3-0-0,M.JAGADESH KUMAR,60,50
158,C,ELL776,ADVANCED POWER SYSTEM OPTIMIZA,3,3-0-0,P.R. BIJWE,60,11
159,C,ELL786,Multimedia Systems,3,3-0-0,SANTANU CHAUDHURY,90,36
160,C,ELL822,SELECTED TOPICS IN COMMUNICATI,3,3-0-0,S.D. JOSHI,60,16
161,C,MCL241,ENERGY SYSTEMS AND TECH.,4,3-0-1,AMIT GUPTA,125,79
162,C,MCL331,Micro and Nano Manufacturing,3,3-0-0,SIVANANDAM ARAVINDAN,0,4
163,C,MCL705,EXPERIMENTAL METHODS,4,3-0-2,SANGEETA KOHLI,0,61
164,C,MCL741,Control Engineering,4,3-0-2,SUBODH VASANT MODAK,0,5
165,C,MSL711,STRATEGIC MANAGEMENT,3,3-0-0,SANJAY DHIR,115,67
166,C,MTL739,REPRESENTATION OF FINITE GROUP,3,3-0-0,RAJENDRA KUMAR SHARMA,30,37
167,C,MTL751,SYMBOLIC DYNAMICS,3,3-0-0,ANIMA NAGAR,30,5
168,C,PYL556,QUANTUM MECHANICS II,3,3-0-0,SANKALPA GHOSH,90,52
169,C,PYL724,Advances in Spintronics,3,3-0-0,PINTU DAS,90,20
170,C,SBL100,INTRO. TO BIOLOGY FOR ENGINEER,4,3-0-2,TAPAN KUMAR CHAUDHURI,550,520
171,C,SBV885,PROTEIN AGGREGATIAONS ANDDISEASES,1,1-0-0,BISHWAJIT KUNDU,100,3
172,C,TXL371,THEORY OF TEXTILE STRUCTURES,4,03-01-00,S.M. ISHTIAQUE,120,80
173,C,TXP212,MANUFACTURED FIBRE TECHNO. LAB,1,0-0-2,BHANU NANDAN,120,83
174,C,TXP761,EVALUATION OF TEXTILE MATERIALS,2,0-0-4,APURBA DAS,75,28
,74,,,,,,3228,2354
175,CM,CML100,INTRODUCTION TO CHEMISTRY,3,3-0-0,SIDDHARTH PANDEY,206,3
,1,,,,,,206,3
176,D,APL713,Turbulence and its Modeling,3,3-0-0,SAWAN SUMAN,90,35
177,D,BBL433,ENZYME SCIENCE AND ENGINEERING,4,3-0-2,RAVI KRISHNAN ELANGOVAN,80,43
178,D,BBL749,CANCER CELL BIOLOGY,4.5,3-0-3,RITU KULSHRESTHA,60,0
179,D,BEL718,COMBINATORIAL BIOTECHNOLOGY,3,3-0-0,PREETI SRIVASTAVA,60,13
180,D,CEL708,EARTH PRESSURES AND RETAINING STRUCTURES,3,3-0-0,BAPPADITYA MANNA,9,9
181,D,CEL818,DESIGN OF PLATES & SHELLS,3,02-01-00,ABHIJIT GANGULI,30,1
182,D,CEL832,DESIGN OF TALL BUILDINGS,3,02-01-00,A.K. NAGPAL,30,15
183,D,CHL275,SAFETY AND HAZARDS IN THE PROCESS INDUSTRIES,4,03-01-00,ANIL KUMAR SAROHA,65,76
184,D,CLL122,CHEMICAL REACTION ENGG I,4,03-01-00,MOHAMMAD ALI HAIDER,171,177
185,D,CLL271,INTRO TO INDUSTRIAL BIOTECH.,3,3-0-0,ANURAG SINGH RATHORE,130,104
186,D,CLL733,INDUSTRIAL MULTIPHASE REACTORS,3,3-0-0,SHANTANU ROY,50,32
187,D,CML521,MOLECULAR THERMODYNAMICS,3,3-0-0,SHASHANK DEEP,60,50
188,D,CML734,CHEMISTRY OF NANOSTRUCTURED M,3,3-0-0,PRAVIN POPINAND INGOLE,60,15
189,D,COL758,ADVANCED ALGORITHMS,4,3-0-2,AMIT KUMAR,40,97
190,D,CRL704,SENSOR ARRAY SIGNAL PROCESSING,3,3-0-0,MONIKA AGGARWAL,18,14
191,D,CVL242,STRUCTURAL ANALYSIS I,3,3-0-0,ASHOK GUPTA,104,106
192,D,CVL342,STEEL DESIGN,3,3-0-0,SUPRATIC GUPTA,150,98
193,D,CVL705,SLOPES AND RETAINING STRUCTURES,3,3-0-0,BAPPADITYA MANNA,60,15
194,D,CVL712,SLOPES AND FOUNDATIONS,3,3-0-0,K.G. SHARMA,60,20
195,D,CVL734,ADVANCED HYDRAULICS,3,3-0-0,DEO RAJ KAUSHAL,30,7
196,D,CVL769,DESIGN OF TALL BUILDINGS,3,3-0-0,A.K. NAGPAL,30,17
197,D,CVL849,TRAFFIC FLOW MODELLING,3,3-0-0,RAMACHANDRA RAO KALAGA,30,9
198,D,CVL858,THEORY OF PLATES AND SHELLS,3,3-0-0,ABHIJIT GANGULI,30,0
199,D,CVL874,QUALITY AND SAFETY IN CONSTRUC,3,3-0-0,J. UMA MAHESWARI,150,18
200,D,CYL676,BIO-ORGANIC & MEDICINAL CHEMISTY,3,3-0-0,NALIN PANT,60,6
201,D,ELL205,SIGNALS AND SYSTEMS,4,03-01-00,SHANKAR PRAKRIYA,150,122
202,D,ELL715,DIGITAL IMAGE PROCESSING,4,3-0-2,BREJESH LALL,60,113
203,D,ELL739,ADVANCED SEMICONDUCTOR DEVICES,3,3-0-0,MADHUSUDAN SINGH,60,7
204,D,ELL802,ADAPTIVE AND LEARNING CONTROL,3,3-0-0,SHUBHENDU BHASIN,60,18
205,D,ELL883,EMBEDDED INTELLIGENCE,3,3-0-0,SANTANU CHAUDHURY,60,18
206,D,EPL444,FUNCTIONAL NANOSTRUCTURES,3,3-0-0,RAJENDRA SINGH,90,4
207,D,ESL734,NUCLEAR ENERGY,3,3-0-0,RAMESH NARAYANAN,60,23
208,D,ITL730,LUBRICANTS,3,2-0-2,JAYASHREE BIJWE,40,14
209,D,MCL142,THERMAL SC. FOR ELE. ENGINEERS,3,3-0-0,SUBHRA DATTA,120,90
210,D,MCL212,CONTROL THEORY & APPLICATIONS,4,3-0-2,SATINDER PAUL SINGH,0,122
211,D,MCL348,THERMAL MGMT. OF ELECTRONICS,3,3-0-0,SUPREET SINGH BAHGA,0,0
212,D,MCL730,Designing with Advance Materials,4,3-0-2,NARESH VARMA DATLA,0,71
213,D,MCL754,OPERATIONS PLANNING AND CONTRO,3,3-0-0,NOMESH BHOJKUMAR BOLIA,0,23
214,D,MCL815,Fire Dynamics and Engineering,4,2-0-4,S.R. KALE,0,3
215,D,MSL760,MARKETING MANAGEMENT,3,2-0-2,HARISH CHAUDHRY,115,65
216,D,MTL103,OPTIMIZATION METHODS & APPL.,3,3-0-0,S.CHANDRA SEKHARA RAO,150,35
217,D,MTL106,PROBABILITY & STOCHASTIC PRO.,4,03-01-00,S.DHARMARAJA,200,272
218,D,MTL108,INTRODUCTION TO STATISTICS,4,03-01-00,APARNA MEHRA,150,214
219,D,PHL657,PLASMA PHYSICS,3,3-0-0,HITENDRA KUMAR MALIK,90,67
220,D,PHL702,SCIENCE AND TECHNOLOGY OF THIN FILMS,3,3-0-0,G.B. REDDY,90,1
221,D,PHL752,LASER SYSTEMS AND APPLICATIONS,3,3-0-0,GADDAM VIJAYA PRAKASH,90,0
222,D,PTL716,RUBBER TECHNOLOGY,3,3-0-0,JOSEMON JACOB,30,16
223,D,PYL114,SOLID STATE PHYSICS,4,03-01-00,RATANAMALA CHATTERJEE,95,64
224,D,PYL311,LASERS,3,3-0-0,ALOKA SINHA,90,10
225,D,PYL421,FUNCTIONAL NANOSTRUCTURES,3,3-0-0,RAJENDRA SINGH,90,2
226,D,PYL704,SC. & TECHNOLOGY OF THIN FILMS,3,3-0-0,G.B. REDDY,90,19
227,D,PYL728,QUANTUM HETEROSTRUCTURES,2,2-0-0,AMARTYA SENGUPTA,90,2
228,D,PYL752,Laser Systems and Applications,3,3-0-0,GADDAM VIJAYA PRAKASH,90,11
229,D,PYL892,GUIDED WAVE PHOTONIC SENSORS,3,3-0-0,ARUN KUMAR,90,13
230,D,SBL711,CELL SIGNALING,3,3-0-0,CHINMOY SANKAR DEY,60,8
231,D,SIL802,SPECIAL TOPICS IN WEB BASED COMPUTING,3,3-0-0,AADITESHWAR SETH,10,1
232,D,TXL211,STRUCTURE & PHYSICAL PROPERTIE,3,3-0-0,RAJIV K. SRIVASTAVA,120,82
233,D,TXL361,EVALUATION OF TEXTILE MATERIAL,3,3-0-0,BHUPENDRA SINGH BUTOLA,120,55
234,D,TXL715,Technology of Solution Spun Fibers,3,3-0-0,MANJEET JASSAL,75,17
235,D,TXL775,TECHNICAL TEXTILES,3,3-0-0,APURBA DAS,75,29
236,D,TXP361,EVALUATION OF TEXTILES LAB,1,0-0-2,SAMRAT MUKHOPADHYAY,120,80
,61,,,,,,4487,2668
237,DM,MTL100,CALCULUS,4,03-01-00,KONIJETI SREENADH,230,20
,1,,,,,,230,20
238,DM,MTL101,LINEAR ALGEBRA & DIFFE. EQUA.,4,03-01-00,AMIT PRIYADARSHI,230,16
,1,,,,,,230,16
239,DP,MTL100,CALCULUS,4,03-01-00,KONIJETI SREENADH,230,31
240,DP,MTL101,LINEAR ALGEBRA & DIFFE. EQUA.,4,03-01-00,AMIT PRIYADARSHI,230,20
,2,,,,,,460,51
241,E,AML702,APPLIED COMPUTATIONAL METHOD,4,3-0-2,ANUPAM DEWAN,25,27
242,E,APL102,INTR.TO MATERIAL SC. & ENGG.,4,3-0-2,JAYANT JAIN,200,145
243,E,APL734,Advanced Dynamics,3,3-0-0,SITIKANTHA ROY,90,10
244,E,ASL737,PHYSICAL AND DYNAMICAL OCEANOGRAPHY,3,3-0-0,A.D. RAO,50,13
245,E,ASL757,TROPICAL WEATHER AND CLIMATE,3,3-0-0,SAROJ KANTA MISHRA,65,106
246,E,BEL712,PLANT CELL TECHNOLOGY,3,2-0-2,A.K. SRIVASTAVA,60,45
247,E,BEL721,BIONANOTECHNOLOGY,3,3-0-0,PRASHANT MISHRA,60,23
248,E,BER350,PROFESSIONAL PRACTICES (BB),2,0-1-2,V.S. BISARIA,60,3
249,E,CEL836,STRUCTURAL HEALTH MONITORING,3,2-0-2,SURESH BHALLA,30,1
250,E,CHL727,HETEROGENEOUS CATALYSIS AND CATALYTIC REACTORS,4,3-0-2,KAMAL KISHORE PANT,40,74
251,E,CLL727,HETERO. CATALYSIS & CATA. REA.,3,3-0-0,KAMAL KISHORE PANT,30,6
252,E,CLL771,INTRODUCTION TO COMPLEX FLUIDS,3,3-0-0,VIKRAM SINGH,70,18
253,E,CLL786,FINE CHEMICALS TECHNOLOGY,3,3-0-0,RAJESH KHANNA,75,110
254,E,CLL793,MEMBRANE SCIENCE & ENGINEERING,3,3-0-0,S.K. GUPTA,55,35
255,E,CLP302,CHEMICAL ENGINEERING LAB - II,1.5,0-0-3,VIKRAM SINGH,165,154
256,E,CML524,TRAN. & INNER TRAN. METAL CHE.,3,3-0-0,D.K. BANDYOPADHYAY,60,49
257,E,CML737,APPLIED SPECTROSCOPY,3,3-0-0,NIDHI JAIN,60,19
258,E,COL226,PROGRAMMING LANGUAGES,5,3-0-4,S.ARUN-KUMAR,100,108
259,E,COL362,INTRO. TO DATABASE MGMT. SYST.,4,3-0-2,S.K. GUPTA,80,82
260,E,COL632,INTRODUCTION TO DATA BASESYSTEMS,4,3-0-2,S.K. GUPTA,40,31
261,E,COL740,SOFTWARE ENGINEERING,4,3-0-2,SURESH CHAND GUPTA,80,86
262,E,COL786,ADVANCED FUNCTIONAL BRAIN IMG.,4,3-0-2,RAHUL GARG,30,9
263,E,CRL702,ARCHITECTURES AND ALGORITHMS FOR DSP SYSTEMS,4,2-0-4,ARUN KUMAR,35,35
264,E,CVL281,HYDRAULICS,4,03-01-00,SHASHI MATHUR,117,105
265,E,CVL381,DESIGN OF HYDRAULIC STRUCTURES,4,3-0-2,BHAGU RAM CHAHAR,150,96
266,E,CVL706,SOIL DYNAMICS AND EARTHQUAKE GEOTECHNICAL ENGG.,3,3-0-0,JAGDISH TELANGRAO SHAHU,60,15
267,E,CVL713,ANALYSIS AND DESIGN OF UNDERGROUND STRUCTURES,3,3-0-0,K.G. SHARMA,60,21
268,E,CVL721,SOLID WASTE ENGINEERING,3,3-0-0,BABU J.ALAPPAT,60,34
269,E,CVL775,CONSTRUCTION ECONOMICS AND FI,3,3-0-0,KUMAR NEERAJ JHA,150,8
270,E,CVL776,CONSTRUCTION PRACTICES AND EQ,3,3-0-0,A.K. JAIN,150,45
271,E,CVL864,STRUCTURAL HEALTH MONITORING,3,3-0-0,SURESH BHALLA,30,7
272,E,CYL669,BIOPHYSICAL CHEMISTRY I,3,3-0-0,PRAMIT KUMAR CHOWDHURY,60,25
273,E,DSL712,ELECTRONIC TECH. FOR SIGNAL CONDITIONING & INTERFA,3,3-0-0,D.T. SHAHANI,80,62
274,E,DSL732,ADV MAT PROCESSES & DIE DESIGN,3,2-0-2,SUMER SINGH,25,19
275,E,ELL212,ENGINEERING ELECROMAGNETICS,4,03-01-00,UDAY KIRAN KHANKHOJE,150,84
276,E,ELL231,POWER ELECTR. & ENERGY DEVICES,3,3-0-0,BHASKAR MITRA,60,51
277,E,ELL731,MIXED SIGNAL CIRCUIT DESIGN,3,3-0-0,SHOURIBRATA CHATTERJEE,60,34
278,E,ELL740,COMPACT MODELING OF SEMICONDUC,3,3-0-0,ABHISEK DIXIT,60,9
279,E,ELL772,PLANNING AND OPERATION OF A SM,3,3-0-0,BIJAYA KETAN PANIGRAHI,60,34
280,E,ELL815,MIMO WIRELESS COMMUNICATIONS,3,3-0-0,MANAV BHATNAGAR,60,34
281,E,ELL818,TELECOMMUNICATION TECHNOLOGIES,3,3-0-0,BREJESH LALL,60,9
282,E,EPL440,QUANTUM ELECTRONICS,3,3-0-0,SUNIL KUMAR,90,1
283,E,EPP110,PHYSICAL SYSTEM DESIIGN,2,0-0-4,G.B. REDDY,65,1
284,E,EPV431,SPECIAL TOPICS IN PHOTONICS AND OPTOELECTRONICS,1,1-0-0,JOBY JOSEPH,90,4
285,E,EPV431,SPECIAL TOPICS IN PHOTONICS AND OPTOELECTRONICS,1,1-0-0,JOBY JOSEPH,90,4
286,E,EPV451,SELECTED TOPICS IN PHOTONICS AND OPTOELECTRONICS,2,2-0-0,JOBY JOSEPH,90,1
287,E,ESL720,ENERGY CONSERVATION,3,3-0-0,S.C. KAUSHIK,60,33
288,E,MAL602,FUNCTIONAL ANALYSIS,4,03-01-00,SIVANANTHAN SAMPATH,60,43
289,E,MCL361,MANUFACTURING SYSTEM DESIGN,3,3-0-0,SIDDHARTH MAHAJAN,0,127
290,E,MCL736,Automotive Design,4,3-0-2,ANOOP CHAWLA,0,16
291,E,MCL759,ENTREPRENEURSHIP,3,3-0-0,NOMESH BHOJKUMAR BOLIA,0,128
292,E,MCL786,METROLOGY,3,2-0-2,P.VENKATESWARA RAO,0,24
293,E,MCL823,Thermal Design,4,3-0-2,PRABAL TALUKDAR,0,57
294,E,MCP261,INDUSTRIAL ENGINEERING LAB - I,1,0-0-2,SIDDHARTH MAHAJAN,0,43
295,E,MSL719,STATISTICS FOR MANAGEMENT,3,3-0-0,SEEMA SHARMA,115,70
296,E,MTL102,DIFFERENTIAL EQUATIONS,3,3-0-0,V.V.K. SRINIVAS KUMAR,200,171
297,E,MTL507,TOPOLOGY,4,03-01-00,ANIMA NAGAR,75,54
298,E,MTL744,MATHEMATICAL THEORY OF CODING,3,3-0-0,ANURADHA SHARMA,75,0
299,E,MTL843,Mathematical Modelling of credit risk,3,3-0-0,S.DHARMARAJA,10,11
300,E,PHL726,NANOSTRUCTURED MATERIALS,3,3-0-0,BODH RAJ,90,1
301,E,PHL792,OPTICAL ELECTRONICS,3,3-0-0,M.R. SHENOY,90,1
302,E,PYL102,PRINCIPLES OF ELECT. MATERIALS,3,3-0-0,NEERAJ KHARE,150,94
303,E,PYL116,ELEMENTS OF MATERIALS PROCEG,4,03-01-00,SUJEET CHAUDHARY,90,58
304,E,PYL411,QUANTUM ELECTRONICS,3,3-0-0,SUNIL KUMAR,90,3
305,E,PYL560,APPLIED OPTICS,4,03-01-00,K. THYAGARAJAN,90,56
306,E,PYL705,NANOSTRUCTURED MATERIALS,3,3-0-0,BODH RAJ,90,49
307,E,PYL754,Fourier Optics and Holography,3,3-0-0,KEDAR BHALCHANDRA KHARE,90,14
308,E,PYL792,OPTICAL ELECTRONICS,3,3-0-0,M.R. SHENOY,90,32
309,E,PYV418,SELECTED TOPICS IN PHOTONICS,2,2-0-0,JOBY JOSEPH,90,4
310,E,PYV419,SPECIAL TOPICS IN PHOTONICS,1,1-0-0,JOBY JOSEPH,90,5
311,E,SBL704,HUMAN VIROLOGY,3,3-0-0,VIVEKANANDAN PERUMAL,60,15
312,E,TXL221,YARN MANUFACTURE I,3,3-0-0,R.ALAGIRUSAMY,120,93
313,E,TXL740,SC. & APP. OF NANOTEC. IN TEX.,3,3-0-0,MANGALA JOSHI,75,36
314,E,TXL783,DESIGN OF EXPER. & STAT. TECH.,3,3-0-0,DIPAYAN DAS,75,24
315,E,TXP221,YARN MANUFACTURE LABORATORYI,1,0-0-2,DIPAYAN DAS,120,88
,75,,,,,,5532,3242
316,EP,CML100,INTRODUCTION TO CHEMISTRY,3,3-0-0,SIDDHARTH PANDEY,234,4
,1,,,,,,234,4
317,F,ASL755,REMOTE SENSING OF THE ATMOSPHERE AND OCEAN,3,3-0-0,SAGNIK DEY,100,107
318,F,BBL343,CARBOHYD. & LIPIDS IN BIOTECH.,3,02-01-00,PRASHANT MISHRA,60,1
319,F,BBL434,BIOINFORMATICS,3,2-0-2,D.SUNDAR,80,38
320,F,CEL754,GEOTECHNICAL PROCESSES IN ROCK ENGG.,3,3-0-0,R. AYOTHIRAMAN,60,0
321,F,CHL721,ADVANCED CHEMICAL ENGG. THERMODYNAICS,4,3-0-2,RATAN MOHAN,55,55
322,F,CHL774,PROCESS OPTIMIZATION,4,3-0-2,SHAIK ABDUL MUNAWAR,40,9
323,F,CHL793,MEMBRANE SCIENCE AND ENGINEERING,3,3-0-0,S.K. GUPTA,20,52
324,F,CLL231,FLUID MECHS. FOR CHEM. ENGINEE,4,03-01-00,PARESH PRAVINCHANDRA CHOKSHI,172,164
325,F,CLL371,CHEM. PROCESS TECH.& ECONOMICS,4,03-01-00,SREEDEVI UPADHYAYULA,125,108
326,F,CLL782,PROCESS OPTIMIZATION,3,3-0-0,SHAIK ABDUL MUNAWAR,25,9
327,F,CML526,STR. & FUNC. OF CELLULAR BIOM.,3,3-0-0,TANMAY DUTTA,60,49
328,F,CML738,APPLICATIONS OF P-BLOCK ELEMEN,3,3-0-0,ANIL JACOB ELIAS,60,59
329,F,COL106,DATA STRUCTURES AND ALGORITHMS,5,3-0-4,SUBODH KUMAR,200,118
330,F,COL774,MACHINE LEARNING,4,3-0-2,PARAG SINGLA,80,179
331,F,CVL222,SOIL MECHANICS,3,3-0-0,VENKATA RAMANA GUNTURI,104,107
332,F,CVL313,AIR AND NOISE POLLUTION,3,3-0-0,GAZALA HABIB,40,0
333,F,CVL702,GROUND IMPROVEMENT AND GEOSYNTHETICS,3,3-0-0,R. AYOTHIRAMAN,60,28
334,F,CVL723,WASTE WATER ENGINEERING,3,3-0-0,ARUN KUMAR,60,30
335,F,CVL830,GROUNDWATER FLOW AND POLLUTION MODELING,3,3-0-0,A.K.KESHARI,30,15
336,F,CVL871,DURABILITY AND REPAIR OF CONCR,3,3-0-0,SHASHANK BISHNOI,150,14
337,F,DSL811,SELECTED TOPICS IN INSTRUMENTATION-I,3,3-0-0,A.L. VYAS,20,2
338,F,EEL703,COMPUTER NETWORKS,3,3-0-0,RANJAN BOSE,60,27
339,F,ELL225,CONTROL ENGINEERING I,4,03-01-00,INDRA NARAYAN KAR,150,131
340,F,ELL303,POWER ENGINEERING-I,4,03-01-00,NILANJAN SENROY,120,117
341,F,ELL703,OPTIMAL CONTROL THEORY,3,3-0-0,RKP BHATT,60,25
342,F,ELL723,BROADBAND COMMUNICATION SYSTEM,3,3-0-0,VINOD CHANDRA,60,56
343,F,ELL756,SPECIAL ELECTRICAL MACHINES,3,3-0-0,K.R.RAJAGOPAL,60,10
344,F,ELL821,SELECTED TOPICS IN COMMUNICATI,3,3-0-0,SAIF KHAN MOHAMMED,60,19
345,F,EPL204,THERMAL & STATISTICAL,4,03-01-00,RAHUL SURESH MARATHE,55,4
346,F,ESL737,PLASMA BASED MATERIALS PROCESSING,3,3-0-0,A. GANGULI,60,2
347,F,ESL746,HYDROGEN ENERGY,3,3-0-0,L.M. DAS,60,30
348,F,ITL711,RELIABILITY AVAILABILITY AND MAINTAINABILITY(RAM),3,3-0-0,O.P. GANDHI,30,6
349,F,MAL382,THEORY OF AUTOMATA,4,03-01-00,NILADRI CHATTERJEE,50,80
350,F,MCL131,MANUFACTURING PROCESSES I,3,3-0-0,SIVANANDAM ARAVINDAN,110,74
351,F,MCL133,NEAR NET SHAPE MANUFACTURING,3,3-0-0,NARESH BHATNAGAR,45,63
352,F,MCL311,CAD & FINITE ELEMENT ANALYSIS,4,3-0-2,YOGENDRA NATH,0,130
353,F,MCL784,COMPUTER AIDED MANUFACTURING,4,3-0-2,P.V.MADHUSUDHAN RAO,0,42
354,F,MCL865,Advanced Operation Research,3,3-0-0,KIRAN SETH,0,40
355,F,MSL708,FINANCIAL MANAGEMENT,3,3-0-0,P.K.JAIN,115,80
356,F,MTL122,REAL AND COMPLEX ANALYSIS,4,03-01-00,RAJENDRA KUMAR SHARMA,100,75
357,F,MTL737,DIFFERENTIAL GEOMETRY,3,3-0-0,N.SHRAVAN KUMAR,30,24
358,F,MTL783,THEORY OF COMPUTATION,3,3-0-0,NILADRI CHATTERJEE,50,30
359,F,PTL706,POLYMER TESTING & PROPERTIES,3,3-0-0,LEENA NEBHANI,30,19
360,F,PYL202,STATISTICAL PHYSICS,4,03-01-00,RAHUL SURESH MARATHE,90,49
361,F,PYL707,CHARACTERISATION TEC. FOR MAT.,3,3-0-0,MUKESH CHANDER,90,14
362,F,PYL772,Plasmonic Sensors,3,3-0-0,B.D. GUPTA,90,24
363,F,RDL722,RURAL ENERGY SYSTEMS,3,3-0-0,VIRENDRA KUMAR VIJAY,60,227
364,F,SBL713,INTRO. TO STRUCTURAL BIOLOGY,3,3-0-0,MANIDIPA BANERJEE,60,5
365,F,SIL765,NETWORK & SYSTEMS SECUEITY,4,3-0-2,B.N. JAIN,40,13
366,F,TTP716,FIBRE PRODUCTION & POST SPINNING OPERATION LAB.,2,0-0-4,ASHWINI K. AGRAWAL,75,21
367,F,TXL241,TECH. OF TEXT. PREPARATION & F,3,3-0-0,KUSHAL SEN,120,64
368,F,TXL742,THEORY AND PRACTICE OF TEXTILE FINISHING,3,2-0-2,DEEPTI GUPTA,75,23
369,F,TXL782,PRODUCTION & OPERATIONS MGMT,3,3-0-0,S.M. ISHTIAQUE,75,7
370,F,TXP241,TECH. OF TEX. PRE. & FIN. LAB.,1.5,0-0-3,MD. S. WAZED ALI,120,66
,54,,,,,,3801,2741
371,H,AML706,FINITE ELEMENT METHODS & ITS APPL.TO MARINE STRU.,3,3-0-0,PUNEET MAHAJAN,25,24
372,H,APL105,MECHANICS OF SOLIDS AND FLUIDS,4,03-01-00,SANJEEV SANGHI,100,101
373,H,APL705,FINITE ELEMENT METHOD,4,3-0-2,S. PRADYUMNA,100,53
374,H,ASL734,DYNAMICS OF THE ATMOSPHERE,3,3-0-0,MAITHILI SHARAN,60,23
375,H,ASL762,AIR-SEA INTERACTION,3,3-0-0,VIMLESH PANT,75,86
376,H,BBL432,FLUID SOLID SYSTEMS,2,2-0-0,SHAIKH ZIAUDDIN AHAMMAD,80,38
377,H,BBL750,GENOME ENGINEERING,3,2-0-2,PREETI SRIVASTAVA,80,10
378,H,BEL713,MICROBIAL ENGINEERING,3,3-0-0,ATUL NARANG,60,19
379,H,BML710,INDUSTRIAL BIOMATERIAL TECHNOLOGY,3,3-0-0,VEENA KOUL,19,5
380,H,CEL432,DESIGN OF PRESTRESSED CONCRETE AND INDUSTRIAL STRU,4,3-0-2,ALOK MADAN,59,72
381,H,CEL826,ADVANCE FEM AND PROGRAMING,3,2-0-2,A.K. NAGPAL,30,2
382,H,CHL766,INTERFACIAL ENGG.,3,3-0-0,A.N. BHASKARWAR,50,94
383,H,CLL766,INTERFACIAL ENGINEERING,3,3-0-0,A.N. BHASKARWAR,20,21
384,H,CLL785,EVOLUTIONARY OPTIMIZATION,3,3-0-0,MANOJKUMAR CHARANDAS RAMTEKE,50,35
385,H,COL352,INTRO TO AUTOMATA & TH. OF CO.,3,3-0-0,SANDEEP SEN,120,14
386,H,COL750,FOUNDATIONS OF AUTOMATIC VERI.,4,3-0-2,SANJIVA PRASAD,40,3
387,H,CVL382,GROUNDWATER,2,2-0-0,BHAGU RAM CHAHAR,30,27
388,H,CVL778,BUILDING SERVICES AND MAINTENA,3,3-0-0,B.BHATTACHARJEE,150,18
389,H,CVL811,NUMERICAL AND COMPUTER METHODS IN GEOMECHANICS,3,3-0-0,TANUSREE CHAKRABORTY,60,5
390,H,CVL838,GEOGRAPHIC INFORMATION SYSTEMS,3,2-0-2,A.K. GOSAIN,30,13
391,H,CVL860,ADVANCED FINITE ELEMENT METHOD AND PROGRAMMING,3,3-0-0,A.K. NAGPAL,30,2
392,H,DSL734,LASER BASED INSTRUMENTATION,3,3-0-0,CHANDRA SHAKHER,25,25
393,H,DSL782,DESIGN FOR USABILITY,3,2-0-2,JYOTI KUMAR,25,10
394,H,EEL709,PATTERN RECOGNITION,3,3-0-0,SUMEET AGARWAL,50,40
395,H,ELL411,DIGITAL COMMUNICATIONS,4,3-0-2,RANJAN KUMAR MALLIK,120,24
396,H,ELL705,STOCHASTIC FILTERING AND IDENT,3,3-0-0,SHAUNAK SEN,60,10
397,H,ELL720,ADVANCED DIGITAL SIGNAL PROCES,3,3-0-0,SESHAN SRIRANGARAJAN,60,15
398,H,ELL769,Electrical Systems for Construction Industries,3,3-0-0,BHIM SINGH,90,33
399,H,ELL784,INTRODUCTION TO MACHINE LEARNI,3,3-0-0,SUMEET AGARWAL,60,82
400,H,ELL814,WIRELESS OPTICAL COMMUNICATION,3,3-0-0,V.K. JAIN,60,12
401,H,EPL332,NUCLEAR SCIENCE AND ENGINEERING,3,3-0-0,A.K. SHUKLA,95,8
402,H,MCL132,METAL FORMING AND PRESS TOOLS,3,3-0-0,K. HARIHARAN,44,59
403,H,MCL321,AUTOMOTIVE SYSTEMS,4,3-0-2,JITENDRA PRASAD KHATAIT,0,21
404,H,MCL345,RECIPROCATING INTERN. COM. EN.,4,3-0-2,P.M.V.SUBBARAO,0,67
405,H,MCL745,ROBOTICS,4,3-0-2,SUDIPTO MUKHERJEE,0,7
406,H,MCL771,VALUE ENGINEERING AND LIFE CYC,3,3-0-0,ANAND DEV GUPTA,0,63
407,H,MSL745,OPERATIONS MANAGEMENT,3,3-0-0,DR.JITENDRA MADAAN,115,108
408,H,MTL506,COMPLEX ANALYSIS,4,03-01-00,A. TRIPATHI,60,49
409,H,MTL710,DATABASE MANAGEMENT SYSTEMS,4,3-0-2,B. CHANDRA,75,130
410,H,PYL302,NUCLEAR SCIENCE & ENGINEERING,3,3-0-0,A.K. SHUKLA,95,17
411,H,PYL558,STATISTICAL MECHANICS,4,03-01-00,VARSHA BANERJEE,90,56
412,H,PYL725,SURFACE PHYSICS AND ANALYSIS,3,3-0-0,PANKAJ SRIVASTAVA,90,44
413,H,PYL770,ULTRA-FAST OPTICS & APPLICATI.,3,3-0-0,R.K. SONI,90,12
414,H,SBV882,BIOLOGICAL MEMBRANES,1,1-0-0,ADITYA MITTAL,100,9
415,H,SMV896,HUMAN VALUES IN MANAGEMENT,1,1-0-0,SHUCHI SINHA,115,78
416,H,TXL773,MEDICAL TEXTILES,3,3-0-0,SOURABH GHOSH,75,3
417,H,TXL777,PRODUCT DESIGN AND DEVELOPMENT,3,3-0-0,R. CHATTOPADHYAY,75,11
,47,,,,,,2937,1658
418,J,AML310,COMPUTATIONAL MECHANICS,4,3-0-2,SUHAIL AHMED,50,5
419,J,APL763,Micro & Nanoscale Mechanical Behaviour of Materials,4,3-0-2,RAJESH PRASAD,30,25
420,J,APL774,Modeling and Analysis,3,3-0-0,MALOY KUMAR SINGHA,90,13
421,J,ASL410,NUMERICAL SIMULATION OF ATMOSPHERIC AND OCEANIC PH,4,3-0-2,SAROJ KANTA MISHRA,80,341
422,J,ASL738,NUMERICAL MODELING OF THE ATMOSPHERE AND OCEAN,3,2-0-2,S.K. DASH,50,11
423,J,BBL341,ENVIRONMENTAL BIOTECHNOLOGY,3,3-0-0,SHILPI SHARMA,80,5
424,J,BBL431,BIOPROCESS TECHNOLOGY,2,2-0-0,V.S. BISARIA,80,48
425,J,BEL411,FOOD SCIENCE AND ENGINEERING,3,3-0-0,PRASHANT MISHRA,60,7
426,J,BML750,POINT OF CARE MEDICAL DIAG DEV,3,3-0-0,SANDEEP KUMAR JHA,50,8
427,J,BML820,BIOMATERIALS,3,3-0-0,HARPAL SINGH,44,12
428,J,CEL423,DESIGNS OF FOUNDATION; EARTH AND EARTH RETAINING S,4,03-01-00,R. AYOTHIRAMAN,102,36
429,J,COL705,THEORY OF COMPUTATION & COMPL.,3,3-0-0,SHWETA AGRAWAL,30,30
430,J,COL726,NUMERICAL ALGORITHMS,4,3-0-2,SUBHASHIS BANERJEE,30,17
431,J,COL772,NATURAL LANGUAGE PROCESSING,4,3-0-2,MAUSAM,60,147
432,J,COL864,SPL. TOPICS IN ARTIFICIAL INT.,3,3-0-0,K.K. BISWAS,40,6
433,J,CRL706,Sonars,3,3-0-0,RAJENDRA BAHL,0,1
434,J,CVL361,INTRODUCTION TO RAILWAY ENGG.,3,3-0-0,S.K. DEB,30,40
435,J,CVL735,FINITE ELEMENT IN WATER RESOU.,3,3-0-0,N.K. GARG,30,6
436,J,CVL825,FUNDAMENTAL OF AEROSOL:HEALTH AND CLIMATE CHANGE,3,3-0-0,GAZALA HABIB,20,3
437,J,DSL714,INSTRUMENT DESIGN AND SIMULATIONS,3,2-0-2,A.K. AGARWALA,35,24
438,J,ELL316,INTRODUCTION TO VLSI DESIGN,3,3-0-0,BASABI BHAUMIK,90,27
439,J,ELL888,ADVANCED MACHINE LEARNING,3,3-0-0,JAYADEVA,60,12
440,J,EPL333,COMPUTATIONAL PHYSICS,4,3-0-2,SUJIN B.BABU,90,3
441,J,ESL300,SELF-ORGANIZING DYNAMICAL SYSTEMS,3,3-0-0,MRS. R. UMA,120,30
442,J,ESL710,"ENERGY,ECOLOGY AND ENVIRONMENT",3,3-0-0,DR. M.G. DASTIDAR,60,50
443,J,HUL766,VISUAL METHODS IN SOCIAL RESEARCH,3,2-0-2,VIBHA ARORA,30,3
444,J,ITL702,DIAGNOSTIC MAINTENANCE AND MONITORING,4,3-0-2,NARESH TANDON,25,15
445,J,MCL748,Tribological System Design,4,3-0-2,HARISH HIRANI,0,5
446,J,MSL723,TELECOM SYSTEMS MANAGEMENT,3,3-0-0,MAHIM SAGAR,80,73
447,J,MTL411,FUNCTIONAL ANALYSIS,3,3-0-0,ANURADHA SHARMA,75,2
448,J,MTL508,MATHEMATICAL PROGRAMMING,4,03-01-00,APARNA MEHRA,60,68
449,J,PHL891,GUIDED WAVE OPTICAL COMPONENTS & DEVICERS,3,3-0-0,R.K. VARSHNEY,90,1
450,J,PTL709,POLYMER TECHNOLOGY,3,3-0-0,SAMPA SAHA,30,20
451,J,PYL204,COMPUTATIONAL PHYSICS,4,03-01-00,SUJIN B.BABU,90,57
452,J,PYL727,ENERGY MATERIALS AND DEVICES,3,3-0-0,D.K. PANDYA,90,33
453,J,PYL891,Fiber Optic Components and Devices,3,3-0-0,R.K. VARSHNEY,90,15
454,J,RDL700,BIOMAS PRODUCTION,3,3-0-0,SATYAWATI SHARMA,60,36
455,J,RDL760,FOOD QUALITY AND SAFETY,3,3-0-0,SANTOSH,60,108
456,J,SBL201,HIGH-DIMENSIONAL BIOLOGY,3,3-0-0,VIVEKANANDAN PERUMAL,60,43
457,J,SBV887,CURRENT TOPICS IN COMPUTATIONAL BIOLOGY,1,1-0-0,ADITYA MITTAL,100,6
458,J,TXL372,SPECIALITY YARNS AND FABRICS,2,2-0-0,B.K.BEHERA,120,78
,41,,,,,,2471,1470
459,K,AML360,ENGINEERING FLUID FLOWS,4,03-01-00,MURALI RAMAN CHOLEMARI,30,2
460,K,APL711,Advanced Fluid Mechanics,3,3-0-0,BALAJI SRINIVASAN,90,19
461,K,ASL754,CLOUD PHYSICS,3,3-0-0,DILIP GANGULY,100,15
462,K,CML739,APPLIED BIOCATALYSIS,3,3-0-0,SUNIL KUMAR KHARE,60,11
463,K,CVL747,TRANSPORTATION SAFETY AND ENVIRONMENT,3,3-0-0,GEETAM TEWARI,30,21
464,K,CVL826,QUANTITATIVE MICROBIAL RISK AS,1,1-0-0,ARUN KUMAR,40,4
465,K,CYL695,APPLIED BIOCATALYSIS,3,3-0-0,SUNIL KUMAR KHARE,60,29
466,K,ELV734,SPECIAL MODULE IN SCIENTIFIC W,1,1-0-0,MADHUSUDAN SINGH,60,4
467,K,EPV450,SELECTED TOPICS IN NANO-TECHNOLOGY,2,2-0-0,SANTANU GHOSH,90,2
468,K,HUL812,GRAMMER AND RHETORIC,3,3-0-0,RAJAKRISHNAN RAJKUMAR,30,13
469,K,MSL728,INTERNATIONAL TELECOM MANAGEMENT,3,3-0-0,RAVI SHANKAR,65,26
470,K,MTL145,NUMBER THEORY,3,3-0-0,A. TRIPATHI,75,50
471,K,MTL458,OPERATING SYSTEMS,4,3-0-2,S.DHARMARAJA,65,7
472,K,MTL717,FUZZY SETS AND APPLICATIONS,3,3-0-0,NILADRI CHATTERJEE,50,81
473,K,MTL738,COMMUTATIVE ALGEBRA,3,3-0-0,RUPAM BARMAN,30,7
474,K,MTL761,BASIC ERGODIC THEORY,3,3-0-0,ANIMA NAGAR,30,4
475,K,NEN101,PROFE. ETHICS &SOCIAL RESP.-2,2,0-0-4,SANGEETA KOHLI,120,3
476,K,PHL742,GENERAL RELATIVITY & INTRODUCTORY ASTROPHYSICS,3,3-0-0,AJIT KUMAR,90,5
477,K,PYL742,GEN. RELATIVITY & INTRO. ASTR.,3,3-0-0,AJIT KUMAR,90,115
478,K,PYV428,SELECTED TOPICS IN NANOTECHNO.,2,2-0-0,SANTANU GHOSH,90,4
479,K,SBV884,ELEMENTS OF NEUROSCIENCE,1,1-0-0,JAMES GOMES,100,7
480,K,SBV891,VIRUS-HOST INTERACTIONS,1,1-0-0,MANIDIPA BANERJEE,100,8
,22,,,,,,,
481,L,CML740,CHEMISTRY OF HETEROCYCLIC COMP,3,3-0-0,RAVI P. SINGH,60,15
482,L,CYL675,CHEM OF HETEROCYCLIC COMPOUND & NATURAL PRODUCTS,3,3-0-0,RAVI P. SINGH,60,14
483,L,EPV430,SPECIAL TOPICS IN NANO-TECHNOLOGY,1,1-0-0,JITENDRA PRATAP SINGH,90,12
484,L,EPV430,SPECIAL TOPICS IN NANO-TECHNOLOGY,1,1-0-0,JITENDRA PRATAP SINGH,90,12
485,L,PYL729,Nano probe Techniques,1,1-0-0,JITENDRA PRATAP SINGH,90,4
486,L,PYV429,SPL. TOPICS IN NANOTECHNOLOGY,1,1-0-0,JITENDRA PRATAP SINGH,90,19
,6,,,,,,480,76
487,M,APL720,Computational Fluid Dynamics,4,3-0-2,BALAJI SRINIVASAN,90,53
488,M,BML735,BIOMEDICAL SIGNAL AND IMAGE PR,3,2-0-2,ANUP SINGH,30,7
489,M,ELL457,SPECIAL TOPICS IN COGNITIVE & INTELLIGENT SYSTEMS,3,3-0-0,SUMEET AGARWAL,90,13
490,M,ELL778,DYNAMIC MODELLING AND CONTROL,3,3-0-0,SUKUMAR MISHRA,60,19
491,M,ELL803,MODEL REDUCTION IN CONTROL,3,3-0-0,MASHUQ-UN-NABI,60,15
492,M,ELL850,DIGITAL CONTROL OF POWER ELECT,3,3-0-0,MUMMADI VEERACHARY,60,20
493,M,ELL894,NETWORK PERFORMANCE MODELING A,3,3-0-0,JUN BAE SEO,60,1
494,M,ELV833,SPECIAL MODULE IN SEMICONDUCTO,1,1-0-0,ABHISEK DIXIT,60,8
495,M,ES718,"POWER SYSTEM-GENERATION, TRANSMISSION&DISTRIBUTION",3,3-0-0,ASHU VERMA,60,5
496,M,ESL871,ADVANCAED FUSION ENERGY,3,3-0-0,MRS. R. UMA,60,1
497,M,ESL880,Solar Thermal Power Generation,3,3-0-0,T.C. KANDPAL,60,4
498,M,HUL232,MODERN INDIAN FICTION IN TRANSLATION,4,03-01-00,SIMONA SAWHNEY,78,190
499,M,HUL239,Indian Fiction in English,4,03-01-00,STUTI KHANNA,78,217
500,M,HUL258,SOCIAL AND POLITICAL PHILOSOPH,4,03-01-00,ARUDRA VENKATA BURRA,78,269
501,M,HUL271,Introduction to Sociology,4,03-01-00,SARBESWAR SAHOO,78,704
502,M,HUL320,SELECTED TOPICS IN ECONOMICS,3,3-0-0,SAPTARSHI MUKHERJEE,34,204
503,M,HUL333,THEATRE OF THE ABSURD,3,3-0-0,ANGELIE MULTANI,34,79
504,M,HUL362,ORGANIZATIONAL BEHAVIOUR,3,3-0-0,PURNIMA SINGH,34,262
505,M,HUL381,MIND,3,3-0-0,RAJAKRISHNAN RAJKUMAR,34,270
506,M,HUL755,Econometrics and Economic Forecasting,3,3-0-0,ANKUSH AGRAWAL,30,10
507,M,MAL745,SOFTWARE ENGINEERING,4,3-0-2,S.DHARMARAJA,65,51
508,M,MTL757,INTRO. TO ALGEBRAIC TOPOLOGY,3,3-0-0,RITUMONI SARMA,30,12
509,M,MTL782,DATA MINING,4,3-0-2,B. CHANDRA,75,57
510,M,PTL712,POLYMER COMPOSITES,3,3-0-0,BHABANI KUMAR SATAPATHY,40,16
511,M,PYL741,FIELD THEORY & QUANTUM ELECTR.,3,3-0-0,V.RAVISHANKAR,90,40
512,M,RDL726,"HERBAL,MEDICINAL ANDAROMATIC PRODUCTS",3,2-0-2,S.N.NAIK,20,28
513,M,SML780,MANAGERIAL ECONOMICS,3,2-0-2,AMLENDU KUMAR DUBEY,80,102
514,M,VEL700,HUMAN VALUES AND TECHNOLOGY,3,02-01-00,M.R. RAVI,60,124
,28,,,,,,1628,2781
515,M1,MSL780,MANAGERIAL ECONOMICS,1.5,1-0-0,SEEMA SHARMA,115,64
,1,,,,,,115,64
516,P,AMD310,MINI PROJECT (AM),3,0-0-6,BALAJI SRINIVASAN,4,3
517,P,AMD812,MAJOR PROJECT PART-II,12,0-0-24,S. PRADYUMNA,16,19
518,P,AMD814,MAJOR PROJECT PART-II,12,0-0-24,MURALI RAMAN CHOLEMARI,20,21
519,P,AMD895,MAJOR PROJECT,40,0-0-80,MALOY KUMAR SINGHA,1,0
520,P,AMD897,MINOR PROJECT,4,0-0-8,CDR (DR.) R. VIJAYAKUMAR,20,24
521,P,AMP776,Product Design and Feasibility Study,4,2-0-4,S.N. SINGH,30,26
522,P,ASD330,MINI PROJECT,6,0-0-12,VIMLESH PANT,25,10
523,P,ASD892,MAJOR PROJECT PART-II,12,0-0-24,VIMLESH PANT,15,6
524,P,ASP820,ADVANCED DATA ANALYSIS FOR WEATHER AND CLIMATE,3,1-0-4,H.C. UPADHYAYA,20,10
525,P,BBQ301,SEMINAR COURSE - I,1,0-0-2,P.K. ROYCHOUDHURY,60,14
526,P,BBQ302,SEMINAR COURSE - II,1,0-0-2,PRASHANT MISHRA,60,7
527,P,BBQ303,SEMINAR COURSE - III,1,0-0-2,V.S. BISARIA,60,84
528,P,BEC750,SEMINAR (BB),0,1-0-0,RAVI KRISHNAN ELANGOVAN,60,21
529,P,BED800,MAJOR PROJECT,40,0-0-80,RITU KULSHRESTHA,60,2
530,P,BED851,MAJOR PROJECT PART 1 (BB),6,0-0-12,SHILPI SHARMA,80,2
531,P,BED852,MAJOR PROJECT PART 2 (BB),14,0-0-28,SHILPI SHARMA,80,15
532,P,BED853,MAJOR PROJECT PART 1 (BB),4,0-0-8,SHILPI SHARMA,80,1
533,P,BED854,MAJOR PROJECT PART 2 (BB),16,0-0-32,SHILPI SHARMA,80,24
534,P,BES350,INDEPENDENT STUDY (BB),3,0-3-0,PRASHANT MISHRA,60,1
535,P,BET450,PRACTICAL TRAINING,0,0-0-0,PRASHANT MISHRA,60,2
536,P,BMV700,BIOMECHANICAL DES MEDICAL DEV.,1,1-0-0,DINESH KALYANASUNDARAM,99,1
537,P,BSD895,MAJOR PROJECT(MSR),40,0-0-80,SHANKAR PRAKRIYA,3,1
538,P,CED310,MINI PROJECT (CE),3,0-0-6,BABU J.ALAPPAT,150,1
539,P,CED411,MAJOR PROJECT PART 1 (CE),4,0-0-6,BABU J.ALAPPAT,150,4
540,P,CED412,MAJOR PROJECT PART 2 (CE),8,0-0-14,ASHOK GUPTA,150,12
541,P,CED812,MAJOR PROJECT PART-II,12,0-0-24,JAGDISH TELANGRAO SHAHU,60,5
542,P,CED821,MAJOR PROJECT PART - I,6,0-0-12,ABHIJIT GANGULI,60,0
543,P,CED822,MAJOR PROJECT PART-II,12,0-0-24,ABHIJIT GANGULI,60,17
544,P,CED842,MAJOR PROJECT PART-II,12,0-0-24,RAKESH KHOSA,13,9
545,P,CED852,MAJOR PROJECT PART-II,12,0-0-24,TANUSREE CHAKRABORTY,14,8
546,P,CED872,MAJOR PROJECT PART-II,12,0-0-24,J. UMA MAHESWARI,18,10
547,P,CED876,MAJOR PROJECT PART-II,12,0-0-24,KUMAR NEERAJ JHA,27,16
548,P,CED882,MAJOR PROJECT PART-II,12,0-0-24,GEETAM TEWARI,18,10
549,P,CED891,MAJOR PROJECT PART-I,6,0-0-12,ARUN KUMAR,2,0
550,P,CED892,MAJOR PROJECT PART-II,12,0-0-24,ARUN KUMAR,13,10
551,P,CED895,MAJOR PROJECT (CEY),40,0-0-80,MANOJ DATTA,6,0
552,P,CEP726,STRUCTURAL ENGG.LAB.,3,0-0-6,A.K. JAIN,60,21
553,P,CES820,INDEPENDENT STUDY,3,0-3-0,ABHIJIT GANGULI,30,0
554,P,CET410,PRACTICAL TRAINING,0,0-0-0,SUPRATIC GUPTA,5,1
555,P,CHD411,MAJOR PROJECT PART 1 (CH),4,0-0-8,JYOTI PHIRANI,5,4
556,P,CHD412,MAJOR PROJECT PART 2 (CH),8,0-0-12,JYOTI PHIRANI,20,11
557,P,CHD771,MINOR PROJECT,4,0-0-8,DIVESH BHATIA,46,54
558,P,CHD782,MAJOR PROJECT PART-II,12,0-0-24,SUDIP KUMAR PATTANAYEK,23,18
559,P,CHD871,Major Project Part 1 (CM),6,0-0-12,DIVESH BHATIA,1,0
560,P,CHD872,MAJOR PROJECT PART II (CM),14,0-0-28,JAYATI SARKAR,47,41
561,P,CHD873,Major Project Part 1 (CM),4,0-0-8,DIVESH BHATIA,3,0
562,P,CHD874,MAJOR PROJECT PART 2 (CM),16,0-0-32,DIVESH BHATIA,1,3
563,P,CHD895,MAJOR PROJECT,40,0-0-80,SUDIP KUMAR PATTANAYEK,3,0
564,P,CHT410,PRACTICAL TRAINING,0,0-0-0,ANURAG SINGH RATHORE,12,0
565,P,CLP704,Technical Communication for Chemical Engineers,1,0-0-2,ANUPAM SHUKLA,55,35
566,P,CMP521,LAB III,2,0-0-4,NALIN PANT,60,47
567,P,CMP522,LAB IV,2,0-0-4,TANMAY DUTTA,60,47
568,P,CMP728,INSTRUMENTATION LABORATORY,3,0-0-6,A.RAMANAN,25,14
569,P,COD351,MINOR DESIGN PROJECT - I,1,0-0-2,KOLIN PAUL,40,22
570,P,COD352,MINOR DESIGN PROJECT - II,1,0-0-2,KOLIN PAUL,40,0
571,P,COD353,MINOR DESIGN PROJECT - III,1,0-0-2,KOLIN PAUL,40,0
572,P,COD745,MINOR PROJECT,3,0-0-6,SMRUTI RANJAN SARANGI,40,14
573,P,COD891,MINOR PROJECT,3,0-0-6,SMRUTI RANJAN SARANGI,40,15
574,P,COP290,DESIGN PRACTICES,3,0-0-6,VINAY JOSEPH RIBEIRO,125,199
575,P,COP315,EMBEDDED SYSTEM DESIGN PROJECT,4,0-1-6,M. BALAKRISHNAN,100,37
576,P,COQ301,SEMINAR COURSE - I,1,0-0-2,VINAY JOSEPH RIBEIRO,60,92
577,P,COQ302,SEMINAR COURSE - II,1,0-0-2,ANSHUL KUMAR,60,34
578,P,COT200,SUMMER INTERNSHIP - I,2,0-0-4,VINAY JOSEPH RIBEIRO,50,62
579,P,COT300,SUMMER INTERNSHIP - II,2,0-0-4,VINAY JOSEPH RIBEIRO,120,26
580,P,CRD812,MAJOR PROJECT PART 2,12,0-0-24,ANANJAN BASU,50,26
581,P,CSD310,MINI PROJECT (CS),3,0-0-6,KOLIN PAUL,30,2
582,P,CSD411,MAJOR PROJECT PART 1 (CS),4,0-0-8,KOLIN PAUL,40,7
583,P,CSD412,MAJOR PROJECT PART 2 (CS),8,0-0-16,KOLIN PAUL,40,14
584,P,CSD851,MAJOR PROJECT PART 1 (CO),6,0-0-12,SMRUTI RANJAN SARANGI,30,1
585,P,CSD852,MAJOR PROJECT PART 2 (CO),14,0-0-28,SMRUTI RANJAN SARANGI,30,6
586,P,CSD853,MAJOR PROJECT PART 1 (CO),4,0-0-8,SMRUTI RANJAN SARANGI,30,1
587,P,CSD854,MAJOR PROJECT PART 2 (CO),16,0-0-32,SMRUTI RANJAN SARANGI,30,13
588,P,CSD893,MAJOR PROJECT PART - I,6,0-0-12,SMRUTI RANJAN SARANGI,30,0
589,P,CSD894,MAJOR PROJECT PART-II,12,0-0-24,SMRUTI RANJAN SARANGI,45,25
590,P,CSD895,MAJOR PROJECT,40,0-0-80,SMRUTI RANJAN SARANGI,40,3
591,P,CSS310,INDEPENDENT STUDY (CS),3,0-3-0,KOLIN PAUL,40,3
592,P,CSS799,INDEPENDENT STUDY,3,0-3-0,SMRUTI RANJAN SARANGI,40,4
593,P,CST410,PRACTICAL TRAINING,0,0-0-0,VINAY JOSEPH RIBEIRO,40,1
594,P,CVD351,MINOR DESIGN PROJECT - I,1,0-0-2,SHASHANK BISHNOI,150,32
595,P,CVD352,MINOR DESIGN PROJECT - II,1,0-0-2,SHASHANK BISHNOI,150,0
596,P,CVD353,MINOR DESIGN PROJECT - III,1,0-0-2,SHASHANK BISHNOI,150,0
597,P,CVD354,MINOR DESIGN PROJECT - IV,1,0-0-2,SHASHANK BISHNOI,150,0
598,P,CVD355,MINOR DESIGN PROJECT - V,1,0-0-2,SHASHANK BISHNOI,150,0
599,P,CVD356,MINOR DESIGN PROJECT - VI,2,0-0-4,SHASHANK BISHNOI,150,49
600,P,CVD357,MINOR DESIGN PROJECT - VII,2,0-0-4,SHASHANK BISHNOI,150,4
601,P,CVD700,MINOR PROJECT,3,0-0-6,JAGDISH TELANGRAO SHAHU,60,0
602,P,CVD710,MINOR PROJECT,3,0-0-6,TANUSREE CHAKRABORTY,60,0
603,P,CVD720,MAJOR THESIS PART-I,6,0-0-12,ARUN KUMAR,20,0
604,P,CVD721,MAJOR THESIS PART-II,12,0-0-24,ARUN KUMAR,20,0
605,P,CVD756,MINOR PROJECT IN STRUCTURAL ENGINEERING,3,0-0-6,ABHIJIT GANGULI,100,8
606,P,CVD832,MAJOR PROJECT PART-II,12,0-0-24,RAKESH KHOSA,30,0
607,P,CVP222,SOIL MECHANICS LABORATORY,1,0-0-2,TANUSREE CHAKRABORTY,103,106
608,P,CVP242,STRUCTURAL ANALYSIS LABORATORY,1,0-0-2,ABHIJIT GANGULI,103,105
609,P,CVP261,TRANSPORTATION ENGG. LABORATOR,1,0-0-2,ARAVIND KRISHNA SWAMY,120,103
610,P,CVP281,HYDRAULICS LABORATORY,1,0-0-2,DEO RAJ KAUSHAL,112,106
611,P,CVP342,STRUCTURES & MATERIAL LAB,1,0-0-2,DIPTI RANJAN SAHOO,150,97
612,P,CVP730,SIMULATION LABORATORY-I,1.5,0-0-3,N.K. GARG,30,6
613,P,CVP731,SIMULATION LABORATORY-II,1.5,0-0-3,DHANYA C.T.,30,6
614,P,CVP756,STRUCTURAL ENGINEERING LAB,3,0-0-6,A.K. JAIN,60,10
615,P,CVP771,CONSTRUCTION TECHNOLOGY LABORA,1.5,0-0-3,SHASHANK BISHNOI,150,15
616,P,CVP800,GEOENVIRONMENTAL AND GEOTECHNICAL ENGINEERING LAB,3,0-0-6,JAGDISH TELANGRAO SHAHU,60,16
617,P,CYD670,PROJECT PART II,8,0-0-16,S.NAGENDRAN,60,48
618,P,CYD799,MINOR PROJECT,3,0-0-6,N.G.RAMESH,25,1
619,P,CYD801,MAJOR PROJECT PART-I,6,0-0-12,N.G.RAMESH,25,0
620,P,CYD802,MAJOR PROJECT PART-II,12,0-0-24,N.G.RAMESH,25,12
621,P,CYS801,INDEPENDENT STUDY,4,0-0-8,N.G.RAMESH,25,0
622,P,DID892,MAJOR PROJECT,19,0-1-36,JYOTI KUMAR,25,21
623,P,DIS802,INVITED FACULTY SEMINARS,1,0-0-2,S.K. ATREYA,25,21
624,P,DSD792,DESIGN PROJECT 1,3,0-0-6,S.K. ATREYA,25,19
625,P,DSP704,INSTRUMENT TECHNOLOGY LABORATORY-II,3,0-0-6,D.T. SHAHANI,20,15
626,P,DSP711,COMP. AIDED PRODUCT DETAILING,3,1-0-4,S.K. ATREYA,25,19
627,P,DSP712,EXHIBITIONS & ENVIRONM. DESIGN,3,2-0-2,S.K. ATREYA,25,7
628,P,DSP722,APPLIED ERGONOMICS,2,1-0-2,JYOTI KUMAR,25,20
629,P,DSR761,SOCIAL IMMERSION,1,0-0-2,SUMER SINGH,25,0
630,P,DSR762,VEHICLE DESIGN,3,2-0-2,SUMER SINGH,25,6
631,P,DSR801,SUMMER INTERNSHIP,0,0-0-4,JYOTI KUMAR,25,19
632,P,DTD899,DOCTORAL THESIS,0,0-0-0,======,1605,1188
633,P,EED310,MINI PROJECT (EE),3,0-0-6,ANUJ DHAWAN,44,10
634,P,EED320,MINI PROJECT (EP),3,0-0-6,ANUJ DHAWAN,12,11
635,P,EED411,MAJOR PROJECT PART 1 (EE),4,0-0-6,SUMANTRA DUTTA ROY,120,0
636,P,EED412,MAJOR PROJECT PART 2 (EE),8,0-0-14,SUMANTRA DUTTA ROY,120,8
637,P,EED421,MAJOR PROJECT PART 1 (EP),4,0-0-6,SUMANTRA DUTTA ROY,50,0
638,P,EED422,MAJOR PROJECT PART 2 (EP),8,0-0-14,SUMANTRA DUTTA ROY,50,4
639,P,EED701,MINOR PROJECT,2,0-0-4,SUMANTRA DUTTA ROY,50,1
640,P,EED802,MAJOR PROJECT PART-II,12,0-0-24,SUMANTRA DUTTA ROY,50,18
641,P,EED843,MAJOR PROJECT PART -II,12,0-0-24,MUMMADI VEERACHARY,50,9
642,P,EED851,MAJOR PROJECT PART 1 (EI),6,0-0-12,UDAY KIRAN KHANKHOJE,0,0
643,P,EED852,MAJOR PROJECT PART 2 (EI),14,0-0-28,UDAY KIRAN KHANKHOJE,30,11
644,P,EED854,MAJOR PROJECT PART 2 (EI),16,0-0-32,UDAY KIRAN KHANKHOJE,30,9
645,P,EED862,MAJOR PROJECT PART-II,12,0-0-24,UDAY KIRAN KHANKHOJE,50,12
646,P,EED876,MAJOR PROJECT PART-II,12,0-0-24,MASHUQ-UN-NABI,50,11
647,P,EED889,MAJOR PROJECT PART-II,12,0-0-24,ANUJ DHAWAN,50,7
648,P,EED895,MAJOR PROJECT,40,0-0-80,NILANJAN SENROY,50,6
649,P,EED898,MAJOR PROJECT PART-II,12,0-0-24,SUKUMAR MISHRA,50,7
650,P,EET410,PRACTICAL TRAINING,0,0-0-0,INDRA NARAYAN KAR,50,0
651,P,EET420,PRACTICAL TRAINING,0,0-0-0,INDRA NARAYAN KAR,50,1
652,P,EET841,INDUSTRIAL TRAINING AND SEMINAR,3,3-0-0,MUMMADI VEERACHARY,60,1
653,P,ELD351,MINOR DESIGN PROJECT - I,1,0-0-2,SUKUMAR MISHRA,60,14
654,P,ELD352,MINOR DESIGN PROJECT - II,1,0-0-2,SUKUMAR MISHRA,60,0
655,P,ELD353,MINOR DESIGN PROJECT - III,1,0-0-2,SUKUMAR MISHRA,60,0
656,P,ELD354,MINOR DESIGN PROJECT - IV,1,0-0-2,SUKUMAR MISHRA,60,0
657,P,ELD355,MINOR DESIGN PROJECT - V,1,0-0-2,SUKUMAR MISHRA,60,0
658,P,ELD356,MINOR DESIGN PROJECT - VI,2,0-0-4,SUKUMAR MISHRA,60,9
659,P,ELD357,MINOR DESIGN PROJECT - VII,2,0-0-4,SUKUMAR MISHRA,60,3
660,P,ELD780,MINOR PROJECT,2,0-0-4,SUMANTRA DUTTA ROY,60,26
661,P,ELD810,MINOR PROJECT (COMMUNICATION E,3,0-0-6,UDAY KIRAN KHANKHOJE,60,7
662,P,ELP201,DIGITAL ELECTRONICS LABORATORY,1.5,0-0-3,ANUJ DHAWAN,400,0
663,P,ELP203,ELECTROMECHANICS LABORATORY,1.5,0-0-3,AMIT KUMAR JAIN,150,131
664,P,ELP302,POWER ELECTRONICS LABORATORY,1.5,0-0-3,MUMMADI VEERACHARY,120,108
665,P,ELP305,DESIGN AND SYSTEM LABORATORY,1.5,0-0-3,S.M.K. RAHMAN,150,177
666,P,ELP311,COMMUNICATION ENGINEERING LAB.,1,0-0-2,SAIF KHAN MOHAMMED,150,87
667,P,ELP725,WIRELESS COMMUNICATION LABORAT,3,0-1-4,RANJAN BOSE,60,27
668,P,ELP736,PHYSICAL DESIGN LABORATORY,3,0-0-6,JAYADEVA,60,11
669,P,ELP782,NETWORKS LABORATORY,3,0-1-4,SWADES KUMAR DE,120,3
670,P,ELP801,ADVANCED CONTROL LABORATORY,2,0-0-4,SHUBHENDU BHASIN,60,11
671,P,ELP832,IEC LABORATORY-II,3,0-0-6,SHOURIBRATA CHATTERJEE,60,17
672,P,ELP852,ELECTRICAL DRIVES LABORATORY,1.5,0-0-3,BHIM SINGH,60,14
673,P,ELP853,DSP BASED CONTROL OF POWER ELE,1.5,0-0-3,MUMMADI VEERACHARY,60,14
674,P,ELP871,POWER SYSTEM LAB 2,3,0-1-4,SUKUMAR MISHRA,60,8
675,P,ELQ301,SEMINAR COURSE - I,1,0-0-2,S. JANARDHANAN,90,80
676,P,ELQ302,SEMINAR COURSE - II,1,0-0-2,S. JANARDHANAN,60,19
677,P,EPD310,MINI PROJECT (PH),3,0-0-6,HITENDRA KUMAR MALIK,20,3
678,P,EPD411,MAJOR PROJECT PART 1 (PH),4,0-0-6,AMARTYA SENGUPTA,60,1
679,P,EPD412,MAJOR PROJECT PART 2 (PH),7,0-0-14,AMARTYA SENGUPTA,65,27
680,P,EPP215,PHYSICS LABORATORY - II,3,0-0-6,R.K. SONI,65,2
681,P,EPP216,PHYSICS LABORATORY - III,3,0-0-6,R.K. SONI,61,1
682,P,EPS310,INDEPENDENT STUDY (PH),3,0-3-0,V.RAVISHANKAR,10,1
683,P,EPT410,PRACTICAL TRAINING,0,0-0-0,JITENDRA PRATAP SINGH,68,1
684,P,ESP713,ENERGY LABORATORY,3,0-0-6,DIBAKAR RAKSHIT,30,28
685,P,ESQ301,SEMINAR COURSE - I,1,0-0-2,T.C. KANDPAL,120,29
686,P,ESQ302,SEMINAR COURSE - II,1,0-0-2,S.C. KAUSHIK,120,13
687,P,HUP102,PSYCHOLOGY LABORATORY,1,0-0-2,VARSHA SINGH,50,67
688,P,JCD801,MAJOR PROJECT PART-I,6,0-0-12,NILADRI CHATTERJEE,5,2
689,P,JCD802,MAJOR PROJECT PART-II,12,0-0-24,NILADRI CHATTERJEE,15,12
690,P,JED801,MAJOR PROJECT PART-I,6,0-0-12,K.A. SUBRAMANIAN,50,0
691,P,JED802,MAJOR PROJECT PART-II,12,0-0-24,K.A. SUBRAMANIAN,50,0
692,P,JID802,MAJOR PROJECT PART-II,12,0-0-24,DEEPAK KUMAR,20,7
693,P,JMD792,MINOR PROJECT,3,0-0-6,MANAV BHATNAGAR,16,17
694,P,JMD802,MAJOR PROJECT PART-II,12,0-0-24,MANAV BHATNAGAR,50,12
695,P,JND801,MAJOR PROJECT PART-1,6,0-0-12,K.A. SUBRAMANIAN,30,0
696,P,JND802,MAJOR PROJECT II (JEN),12,0-0-24,K.A. SUBRAMANIAN,40,15
697,P,JOD802,MAJOR PROJECT PART-II,12,0-0-24,R.K. VARSHNEY,14,17
698,P,JOP792,FIBER OPTICS AND OPTICAL COMMUNICATION LAB.II,3,0-0-6,M.R. SHENOY,24,18
699,P,JPD802,MAJOR PROJECT PART-II,12,0-0-24,JOSEMON JACOB,30,22
700,P,JSD801,MAJOR PROJECT PART-I,6,0-0-12,K.A. SUBRAMANIAN,30,0
701,P,JSD802,MAJOR PROJECT PART-II,12,0-0-24,K.A. SUBRAMANIAN,40,7
702,P,JTD802,MAJOR PROJECT PART-II,12,0-0-24,A.L. VYAS,18,5
703,P,JVD801,MAJOR PROJECT PART-I,6,0-0-12,ANSHUL KUMAR,50,0
704,P,JVD802,MAJOR PROJECT PART-II,12,0-0-24,ANSHUL KUMAR,50,12
705,P,JVS802,INDEPENDENT STUDY,3,0-3-0,ANSHUL KUMAR,1,0
706,P,MAD703,PROJECT PART I*,4,0-0-8,N.SHRAVAN KUMAR,10,0
707,P,MAD704,PROJECT PART - II,4,0-0-8,N.SHRAVAN KUMAR,50,45
708,P,MAD851,MAJOR PROJECT PART 1 (MT),6,0-0-12,V.V.K. SRINIVAS KUMAR,20,2
709,P,MAD852,MAJOR PROJECT PART 2 (MT),14,0-0-28,V.V.K. SRINIVAS KUMAR,45,11
710,P,MAD853,MAJOR PROJECT PART 1 (MT),4,0-0-8,V.V.K. SRINIVAS KUMAR,20,1
711,P,MAD854,MAJOR PROJECT PART 2 (MT),16,0-0-32,V.V.K. SRINIVAS KUMAR,45,15
712,P,MAP702,COMPUTING LAB - II,2,0-0-4,V.V.K. SRINIVAS KUMAR,60,45
713,P,MAP706,SCIENTIFIC SOFTWARE LABORATORY,3,0-0-6,V.V.K. SRINIVAS KUMAR,30,25
714,P,MAP707,PROGRAMMING LANGUAGES LABORATORY,2,0-0-4,V.V.K. SRINIVAS KUMAR,30,2
715,P,MCD310,Mini Project,3,0-0-6,HARISH HIRANI,100,12
716,P,MCP301,MECHANICAL ENGINEERING LAB - I,1.5,0-0-3,S.R. KALE,100,101
717,P,MCP331,MANUFACTURING LABORATORY-II,1,0-0-2,P.VENKATESWARA RAO,0,95
718,P,MED411,MAJOR PROJECT PART 1 (ME),4,0-0-6,DIGAVALLI RAVI KUMAR,1,4
719,P,MED412,MAJOR PROJECT PART 2 (ME),8,0-0-14,DIGAVALLI RAVI KUMAR,52,12
720,P,MED421,MAJOR PROJECT PART 1 (PE),4,0-0-6,DIGAVALLI RAVI KUMAR,7,1
721,P,MED422,MAJOR PROJECT PART 2 (PE),8,0-0-14,DIGAVALLI RAVI KUMAR,12,1
722,P,MED811,MAJOR PROJECT PART-I,6,0-0-12,B. PREMACHANDRAN,1,0
723,P,MED812,MAJOR PROJECT PART-II,12,0-0-24,B. PREMACHANDRAN,8,5
724,P,MED831,MAJOR PROJECT PART-I,6,0-0-12,ASHISH KAMALAKAR DARPE,1,0
725,P,MED832,MAJOR PROJECT PART-II,12,0-0-24,ASHISH KAMALAKAR DARPE,12,11
726,P,MED862,MAJOR PROJECT PART-II,12,0-0-24,NOMESH BHOJKUMAR BOLIA,13,1
727,P,MED882,MAJOR PROJECT PART-II,12,0-0-24,SIVANANDAM ARAVINDAN,24,7
728,P,MED895,MAJOR PROJECT,40,0-0-80,SUDARSAN GHOSH,11,5
729,P,MST894,SOCIAL SECTOR ATTACHMENT,1,0-0-2,P. VIGNESWARA ILAVARASAN,115,48
730,P,MTP290,COMPUTING LABORATORY,2,0-0-4,V.V.K. SRINIVAS KUMAR,75,61
731,P,MTQ301,PROBABILITY THEORY,1,0-0-2,S.DHARMARAJA,10,14
732,P,MTQ302,Analysis and applications,1,0-0-2,KONIJETI SREENADH,10,6
733,P,MTQ303,Differential Equations,1,0-0-2,HARISH KUMAR,10,16
734,P,MTQ304,Dynamical Systems,1,0-0-2,ANIMA NAGAR,10,1
735,P,NCN100,NCC,0,0-0-0,BREJESH LALL,146,2
736,P,NEN100,PROFE. ETHICS & SOCIAL RESP.,2,0-0-0,SANGEETA KOHLI,90,2
737,P,NEN101,PROFE. ETHICS &SOCIAL RESP.-2,2,0-0-4,SANGEETA KOHLI,870,3
738,P,NLN101,LANGUAGE & WRITING SKILL-2,2,0-0-4,STUTI KHANNA,873,8
739,P,NPN100,NATIONAL SPORTS ORGANISATION,0,0-0-0,BISHWAJIT KUNDU,1494,0
740,P,NSN100,NSS,0,0-0-0,RAJESH PRASAD,1924,0
741,P,PHD652,PROJECT II,6,0-0-12,SANKALPA GHOSH,46,41
742,P,PHD802,MAJOR PROJECT PART-II,12,0-0-24,NEERAJ KHARE,25,14
743,P,PHD852,MAJOR PROJECT PART-II,12,0-0-24,JOBY JOSEPH,7,7
744,P,PHP562,LAB-II ELECTIVE (PE/OE),4,0-0-8,MUKESH CHANDER,48,42
745,P,PHP712,SOLID STATES MATERIALS LAB-II,4.5,0-0-9,RAJENDRA SINGH,15,0
746,P,PHP762,OPTICS LABORATORY-II,3,0-0-6,ALOKA SINHA,11,2
747,P,PHS731,INDEPENDENT STUDY,3,0-3-0,PRANABA KISHOR MUDULI,10,0
748,P,PTP720,POLYMER ENGINEERING LAB,1,0-0-2,BHABANI KUMAR SATAPATHY,20,19
749,P,PYD351,MINOR DESIGN PROJECT - I,1,0-0-2,SANTANU GHOSH,95,5
750,P,PYD352,MINOR DESIGN PROJECT - II,1,0-0-2,SANTANU GHOSH,95,0
751,P,PYD356,MINOR DESIGN PROJECT - VI,2,0-0-4,SANTANU GHOSH,95,2
752,P,PYD357,MINOR DESIGN PROJECT - VII,2,0-0-4,SANTANU GHOSH,95,0
753,P,PYP212,ENGG. PHYSICS LABORATORY II,3,0-0-6,G.B. REDDY,57,51
754,P,PYP222,ENGINEERING PHYSICS LAB. - IV,4,0-0-8,R.K. SONI,90,52
755,P,PYS300,INDEPENDENT STUDY,3,0-3-0,SANTANU GHOSH,95,0
756,P,RDD750,MINOR PROJECT,3,3-0-0,HARIPRASAD P.,25,36
757,P,SBC796,GRADUATE STUDENT SEMINAR-II,0.5,0-0-1,ASHOK KUMAR PATEL,30,9
758,P,SBD301,MINI PROJECT,3,0-0-6,MANIDIPA BANERJEE,10,0
759,P,SBS800,INDEPENDENT STUDY,3,0-3-0,MANIDIPA BANERJEE,10,2
760,P,SID880,MINOR PROJECT IN INFORMATION TECHNOLOGY,3,0-0-6,M. BALAKRISHNAN,30,2
761,P,SID890,MS RESEARCH PROJECT,40,0-0-80,M. BALAKRISHNAN,30,1
762,P,SIV889,SPL. MOD. IN HUMAN COMP. INTR.,1,1-0-0,M. BALAKRISHNAN,92,19
763,P,SIV895,SPECIAL MODULE ON INTELLIGENT INFO. PROCESSING,1,1-0-0,PREM KUMAR KALRA,30,18
764,P,SMD792,MINOR PROJECT,3,0-0-6,AMLENDU KUMAR DUBEY,30,16
765,P,SMD890,PROJECT,6,0-0-12,AMLENDU KUMAR DUBEY,206,98
766,P,TXD351,MINOR DESIGN PROJECT - I,1,0-0-2,DEEPTI GUPTA,120,48
767,P,TXD352,MINOR DESIGN PROJECT - II,1,0-0-2,DEEPTI GUPTA,120,10
768,P,TXD353,MINOR DESIGN PROJECT - III,1,0-0-2,DEEPTI GUPTA,120,5
769,P,TXD354,MINOR DESIGN PROJECT - IV,1,0-0-2,DEEPTI GUPTA,120,2
770,P,TXD355,MINOR DESIGN PROJECT - V,1,0-0-2,DEEPTI GUPTA,120,3
771,P,TXD357,MINOR DESIGN PROJECT - VII,2,0-0-4,DEEPTI GUPTA,90,0
772,P,TXD401,MAJOR PROJECT PART I,4,0-0-8,BHANU NANDAN,120,0
773,P,TXD402,MAJOR PROJECT PART II,8,0-0-16,BHANU NANDAN,120,11
774,P,TXD803,MAJOR PROJECT PART II,12,0-0-24,R.S. RENGASAMY,30,4
775,P,TXD804,MAJOR PROJECT PART II,12,0-0-24,MANJEET JASSAL,30,7
776,P,TXL714,ADVANCED MATERIALS CHARACTERIZATION TECHNIQUES,1,1-0-0,ASHWINI K. AGRAWAL,75,22
777,P,TXP725,MECHANICS OF SPINNING MACHINES LAB,1,0-0-2,R.S. RENGASAMY,75,21
778,P,TXQ302,Seminar Course 2,1,0-0-2,KUSHAL SEN,120,84
779,P,TXV701,PRO. CON. & EC. IN MA. FI. PR.,1,1-0-0,B.K.BEHERA,90,2
780,P,TXV702,MANAGEMENT OF TEXTILE BUSINESS,1,1-0-0,B.K.BEHERA,90,5
781,P,TXV706,SPECIAL MODULE IN FIBRE SCIENC,1,1-0-0,B.L. DEOPURA,75,4
782,P,TXV707,SPL. MODULE IN TEXT. CHE. PRO.,1,1-0-0,B.K.BEHERA,75,3
783,P,VED750,MINOR PROJECT,3,0-0-6,M.R. RAVI,15,12
,,,,,,,,
784,Q,CVQ301,CIVIL ENGINEERING SEMINAR,1,0-0-2,SHASHANK BISHNOI,150,131
785,Q,MSL740,QUANTITATIVE METHODS IN MGMT.,3,3-0-0,D.K.BANWET,91,47
786,Q,SML849,CURRENT AND EMERGING ISSUES IN MANUFACTURING MGMT,3,3-0-0,RAVI SHANKAR,65,58
787,Q,SML859,CURRENT AND EMERGING ISSUES IN INFORM. TECH. MANA.,3,3-0-0,ARPAN KUMAR KAR,65,10
788,Q,SML870,ADVANCED FINANCIAL MANAGEMENT,3,2-0-2,P.K.JAIN,65,18
789,Q,SML874,INDIAN FINANCIAL SYSTEM,3,3-0-0,SMITA KASHIRAMKA,65,23
,,,,,,,,
790,QM,CMP100,CHEMISTRY LABORATORY,2,0-0-4,PRAMIT KUMAR CHOWDHURY,206,1
791,QM,PYP100,PHYSICS LABORATORY,2,0-0-4,KEDAR BHALCHANDRA KHARE,217,2
,,,,,,,,
792,QP,CMP100,CHEMISTRY LABORATORY,2,0-0-4,PRAVIN POPINAND INGOLE,232,4
793,QP,PYP100,PHYSICS LABORATORY,2,0-0-4,A.K. SHUKLA,218,8
,,,,,,,,
794,R,CVP810,ROCK MECHANICS LABORATORY-II,3,0-0-6,K.S. RAO,60,20
795,R,ELP718,TELECOMMUNICATION SOFTWARE LAB,3,0-1-4,SUBRAT KAR,60,7
796,R,SML701,STRATEGIC TECHNOLOGY MANAGEMENT,3,2-0-2,MANOJ KUMAR SHARMA,91,35
797,R,SML861,MARKET RESEARCH,3,2-0-2,HARISH CHAUDHRY,65,65
,,,,,,,,
798,R1,MSL729,Individual Behavior in Organizations,3,3-0-0,KANIKA TANDON BHAL,91,36
,,,,,,,,
799,R2,MSL780,MANAGERIAL ECONOMICS,1.5,1-0-0,AMLENDU KUMAR DUBEY,91,49
,,,,,,,,
800,S,CVS756,INDEPENDENT STUDY (CES),3,0-0-6,ABHIJIT GANGULI,30,0
801,S,MSL713,INFORMATION SYSTEMS MANAGEMENT,3,2-0-2,ARPAN KUMAR KAR,91,41
802,S,SML823,STRATEGIC CHANGE AND FLEXIBILITY,3,2-0-2,SUSHIL,65,16
803,S,SML840,MANUFACTURING STRATEGY,3,3-0-0,DR.JITENDRA MADAAN,65,49
804,S,SML860,SOCIAL MEDIA & BUSINESS PRAXIS,3,3-0-0,P. VIGNESWARA ILAVARASAN,65,26
805,S,SML875,INTERNATIONAL FINANCIAL MANAGEMENT,3,3-0-0,SURENDRA SINGH YADAV,65,17
,,,,,,,,
806,SS,CVS756,INDEPENDENT STUDY (CES),3,0-0-6,ABHIJIT GANGULI,30,0
,,,,,,,,
807,T,CVT200,SUMMER INTERNSHIP,2,0-0-4,ATUL KUMAR MITTAL,150,33
808,T,CVT300,SUMMER INTERNSHIP - II,2,0-0-4,ATUL KUMAR MITTAL,150,0
809,T,CVT400,SEMESTER INTERNSHIP,5,0-0-10,ATUL KUMAR MITTAL,150,0
810,T,MSL708,FINANCIAL MANAGEMENT,3,3-0-0,SHVETA SINGH,115,111
811,T,SML828,GLOBAL STRATEGIC MANAGEMENT,3,3-0-0,MANOJ KUMAR SHARMA,65,11
812,T,SML855,ELECTRONIC COMMERCE,3,2-0-2,MANMOHAN PRASAD GUPTA,65,26
813,T,SML869,CURRENT AND EMERGING ISSUES IN MARKETING,3,3-0-0,HARISH CHAUDHRY,65,61
,,,,,,,,
814,U,MSL706,BUSINESS LAWS,3,2-0-2,VANDANA CHAK,91,50
815,U,SML703,MANAGEMENT OF TECHNOLOGY TRANSFER,3,2-0-2,SANJAY DHIR,91,27
816,U,SMV896,HUMAN VALUES IN MANAGEMENT,1,1-0-0,SHUCHI SINHA,91,46
,,,,,,,,
817,X,COL863,SPL. TOPICS IN THEO. COMP. SC.,3,3-0-0,AMITABHA BAGCHI,30,15
818,X,COL865,SPECIAL TOPICS IN COMPUTER AP.,3,3-0-0,S.N. MAHESHWARI,30,1
819,X,COL866,SPECIAL TOPICS IN ALGORITHMS,3,3-0-0,NAVEEN GARG,30,46
820,X,COV887,SPL. MODULE IN HIGH SPEED NET.,1,1-0-0,HUZUR SARAN,30,17
821,X,HUC722,SEMINAR,3,0-0-6,ANGELIE MULTANI,140,56
822,X,HUL242,FUNDAMENTALS OF LANGUAGE SCIENCES,4,4-0-0,PAROMA SANYAL,78,258
823,X,HUL310,SELECTED TOPICS IN POLICY STUD,3,3-0-0,RICHA KUMAR,34,109
824,X,HUL701,SOCIOLOGICAL THEORY,3,02-01-00,SARBESWAR SAHOO,30,17
825,X,HUL707,SOCIAL PSYCHOLOGY,3,02-01-00,PURNIMA SINGH,30,37
826,X,HUL731,PERSPECTIVES ON DEVELPMENT,3,0-0-0,RICHA KUMAR,30,24
827,X,HUL736,PLANNING AND ECONOMIC DEVELOPMENT,3,3-0-0,V. UPADHYAY,30,55
828,X,HUL754,SCIENCE TECHNOLOGY AND SOCIETY,3,02-01-00,NAVEEN THAYYIL KAMALUDDIN,30,14
829,X,HUL756,TIME SERIES ECONOMETRICS AND F,3,3-0-0,SOURABH BIKAS PAUL,30,10
830,X,HUL810,COMMUNICATION SKILLS,3,3-0-0,SAMAR HUSAIN,0,75
831,X,HUL811,TRANSFORMATIONAL THEORIES,3,3-0-0,PRITHA CHANDRA,30,0
832,X,HUL840,PHILOSOPHY OF SOCIAL SCIENCES,3,3-0-0,BIJOY H.BORUAH,30,14
833,X,HUL841,PHILOSOPHY OF SCIENCE,3,3-0-0,ARUDRA VENKATA BURRA,30,11
834,X,HUL881,ELEMENTS OF THE NARRATIVE ART,3,3-0-0,DIVYA DWIVEDI,30,9
835,X,HUL884,INDIAN WRITING IN ENGLISH,3,3-0-0,ANGELIE MULTANI,30,11
836,X,MCD882,MAJOR PROJECT PART-2,12,0-0-24,SUNIL JHA,0,0
837,X,MED832,MAJOR PROJECT PART-II,12,0-0-24,ASHISH KAMALAKAR DARPE,0,1
838,X,RDQ301,SEMINAR COURSE - I,1,0-0-2,VIRENDRA KUMAR VIJAY,30,52
839,X,RDQ302,SEMINAR COURSE - II,1,0-0-2,S.N.NAIK,30,39
840,X,RDQ303,SEMINAR COURSE - III,1,0-0-2,JATINDRA KUMAR SAHU,30,22
841,X,RDQ304,SEMINAR COURSE-IV,1,0-0-2,SATYAWATI SHARMA,30,14
842,X,SIL801,SPECIAL TOPICS IN MULTIMEDIA SYSTEMS,3,3-0-0,AADITESHWAR SETH,40,24
,,,,,,,,
843,X1,ELL880,SPECIAL TOPICS IN COMPUTERS 1,3,3-0-0,SANTANU CHAUDHURY,60,3
844,X1,ELV780,SPECIAL MODULE IN COMPUTERS,1,1-0-0,SANTANU CHAUDHURY,60,11
845,X1,ESL718,"POWER GENERATION ,TRANSMISSION & DISTRIBUTION",3,3-0-0,T.S.BHATTI,20,25
846,X1,ESL776,INDUSTRIAL ENERGY & ENVIRONMENT ANALYSI,3,3-0-0,DR. M.G. DASTIDAR,20,21
847,X1,ESN712,BASIC ELECTRICAL ENGG.,0,1-0-0,T.S.BHATTI,1,3
848,X1,MEL778,DESIGN & METALLURGY OF WELDED JOINTS,4,3-0-2,SUNIL PANDEY,0,34
849,X1,SMV895,MANAGEMENT RESEARCH METHODOLOGY,1,1-0-0,P. VIGNESWARA ILAVARASAN,115,29
,,,,,,,,
850,X2,ESL784,COGENERATION AND ENERGY EFFICIENCY,3,3-0-0,DIBAKAR RAKSHIT,20,22
851,X2,ESL860,ELECTRICAL POWER SYSTEMS ANALYSIS,3,3-0-0,ASHU VERMA,20,4
,,,,,,,,
852,X4,ESL804,POLLUTION CONTROL IN POWER PLANTS,3,3-0-0,D.K. SHARMA,20,12
,,,,,,,,
853,X5,ESL778,INDUSTRIAL WASTE MANAGEMENT & RECYCLING,3,3-0-0,D.K. SHARMA,20,20
